-- phpMyAdmin SQL Dump
-- version 5.2.0
-- https://www.phpmyadmin.net/
--
-- Hôte : 127.0.0.1
-- Généré le : lun. 15 mai 2023 à 15:26
-- Version du serveur : 10.4.24-MariaDB
-- Version de PHP : 7.4.29

SET SQL_MODE = "NO_AUTO_VALUE_ON_ZERO";
START TRANSACTION;
SET time_zone = "+00:00";


/*!40101 SET @OLD_CHARACTER_SET_CLIENT=@@CHARACTER_SET_CLIENT */;
/*!40101 SET @OLD_CHARACTER_SET_RESULTS=@@CHARACTER_SET_RESULTS */;
/*!40101 SET @OLD_COLLATION_CONNECTION=@@COLLATION_CONNECTION */;
/*!40101 SET NAMES utf8mb4 */;

--
-- Base de données : `pronostictest`
--

-- --------------------------------------------------------

--
-- Structure de la table `cashout`
--

CREATE TABLE `cashout` (
  `id` int(11) NOT NULL,
  `commercial_id` varchar(255) DEFAULT NULL,
  `revenus` varchar(255) DEFAULT NULL,
  `status` varchar(255) DEFAULT NULL,
  `createdAt` datetime NOT NULL,
  `updatedAt` datetime NOT NULL
) ENGINE=InnoDB DEFAULT CHARSET=utf8mb4;

-- --------------------------------------------------------

--
-- Structure de la table `categories`
--

CREATE TABLE `categories` (
  `id` int(11) NOT NULL,
  `description` varchar(255) NOT NULL,
  `name` varchar(255) NOT NULL,
  `sport_icon` varchar(255) NOT NULL,
  `createdAt` datetime NOT NULL,
  `updatedAt` datetime NOT NULL
) ENGINE=InnoDB DEFAULT CHARSET=utf8;

--
-- Déchargement des données de la table `categories`
--

INSERT INTO `categories` (`id`, `description`, `name`, `sport_icon`, `createdAt`, `updatedAt`) VALUES
(1, 'FootBall', 'FootBall', 'SportsSoccer', '2022-11-01 13:49:45', '2022-11-01 13:49:45'),
(9, 'HAND', 'Handball', 'SportsHandball', '2023-01-02 14:25:36', '2023-01-02 14:25:36'),
(10, 'brahim1', 'brahim1', 'SportsSoccer', '2023-05-08 09:04:07', '2023-05-08 09:04:07');

-- --------------------------------------------------------

--
-- Structure de la table `commercial`
--

CREATE TABLE `commercial` (
  `id` int(11) NOT NULL,
  `firstName` varchar(255) DEFAULT NULL,
  `commissionRate` varchar(255) DEFAULT NULL,
  `cashOut` varchar(255) DEFAULT NULL,
  `phone` varchar(255) DEFAULT NULL,
  `solde` varchar(255) DEFAULT NULL,
  `createdAt` datetime NOT NULL,
  `updatedAt` datetime NOT NULL
) ENGINE=InnoDB DEFAULT CHARSET=utf8mb4;

-- --------------------------------------------------------

--
-- Structure de la table `company`
--

CREATE TABLE `company` (
  `id` int(11) NOT NULL,
  `social_reason` varchar(255) DEFAULT NULL,
  `employee_number` int(11) DEFAULT NULL,
  `phone` varchar(255) DEFAULT NULL,
  `photo` varchar(255) DEFAULT NULL,
  `createdAt` datetime NOT NULL,
  `updatedAt` datetime NOT NULL
) ENGINE=InnoDB DEFAULT CHARSET=utf8;

--
-- Déchargement des données de la table `company`
--

INSERT INTO `company` (`id`, `social_reason`, `employee_number`, `phone`, `photo`, `createdAt`, `updatedAt`) VALUES
(1, 'wind', 10, '+21656888772', NULL, '2022-11-01 13:47:13', '2022-11-01 13:47:13'),
(2, 'Wind Consulting', 10, '+216000000', NULL, '2022-11-01 14:48:06', '2022-11-01 14:48:06'),
(3, 'wind', 20, '+21652874963', NULL, '2022-11-10 12:41:19', '2022-11-10 12:41:19'),
(4, 'wind', 20, '54545874867', NULL, '2022-11-10 13:37:06', '2022-11-10 13:37:06'),
(5, 'Talent', 10, '56888772', NULL, '2022-11-10 14:30:46', '2022-11-10 14:30:46'),
(6, 'Wind', 10, '51729901', NULL, '2022-11-10 21:15:30', '2022-11-10 21:15:30'),
(7, 'Worldsoft', 20, '21274850', NULL, '2022-11-15 12:19:56', '2022-11-15 12:19:56'),
(8, 'Oconsult ', 10, '50544639', NULL, '2022-11-16 17:22:44', '2022-11-16 17:22:44'),
(9, 'Red Pepper Agency', 20, '58300882', NULL, '2022-11-17 07:24:41', '2022-11-17 07:24:41'),
(10, 'Wind Consulting', 50, '50538340', NULL, '2022-11-17 18:13:00', '2022-11-17 18:13:00'),
(11, 'CAFÉ FORUM', 20, '99000000', NULL, '2022-11-18 17:58:50', '2022-11-18 17:58:50'),
(12, 'atef', 10, '+21622735880', NULL, '2022-11-24 18:39:06', '2022-11-24 18:39:06'),
(13, 'Khaled melki', 9999, '58987205', NULL, '2022-11-24 20:38:57', '2022-11-24 20:38:57'),
(14, 'FoireSousse', 50, '98410167', NULL, '2022-11-26 10:40:16', '2022-11-26 10:40:16'),
(15, 'Gazbour86', 10, '58420236', NULL, '2022-11-28 13:06:00', '2022-11-28 13:06:00'),
(16, 'Mohamed Mansour ', 10, '0603557514', NULL, '2023-01-11 13:54:18', '2023-01-11 13:54:18');

-- --------------------------------------------------------

--
-- Structure de la table `draw`
--

CREATE TABLE `draw` (
  `id` int(11) NOT NULL,
  `A1` varchar(255) DEFAULT NULL,
  `A2` varchar(255) DEFAULT NULL,
  `B1` varchar(255) DEFAULT NULL,
  `B2` varchar(255) DEFAULT NULL,
  `C1` varchar(255) DEFAULT NULL,
  `C2` varchar(255) DEFAULT NULL,
  `D1` varchar(255) DEFAULT NULL,
  `D2` varchar(255) DEFAULT NULL,
  `E1` varchar(255) DEFAULT NULL,
  `E2` varchar(255) DEFAULT NULL,
  `F1` varchar(255) DEFAULT NULL,
  `F2` varchar(255) DEFAULT NULL,
  `G1` varchar(255) DEFAULT NULL,
  `G2` varchar(255) DEFAULT NULL,
  `H1` varchar(255) DEFAULT NULL,
  `H2` varchar(255) DEFAULT NULL,
  `A1B2` varchar(255) DEFAULT NULL,
  `B1A2` varchar(255) DEFAULT NULL,
  `C1D2` varchar(255) DEFAULT NULL,
  `D1C2` varchar(255) DEFAULT NULL,
  `E1F2` varchar(255) DEFAULT NULL,
  `F1E2` varchar(255) DEFAULT NULL,
  `G1H2` varchar(255) DEFAULT NULL,
  `H1G2` varchar(255) DEFAULT NULL,
  `A1B2C1D2` varchar(255) DEFAULT NULL,
  `B1A2D1C2` varchar(255) DEFAULT NULL,
  `E1F2G1H2` varchar(255) DEFAULT NULL,
  `F1E2H1G2` varchar(255) DEFAULT NULL,
  `A1B2C1D2E1F2G1H2` varchar(255) DEFAULT NULL,
  `B1A2D1C2F1E2H1G2` varchar(255) DEFAULT NULL,
  `champion` varchar(255) DEFAULT NULL,
  `employee_id` int(11) DEFAULT NULL,
  `event_id` int(11) DEFAULT NULL,
  `createdAt` datetime NOT NULL,
  `updatedAt` datetime NOT NULL
) ENGINE=InnoDB DEFAULT CHARSET=utf8mb4;

-- --------------------------------------------------------

--
-- Structure de la table `drawscore`
--

CREATE TABLE `drawscore` (
  `id` int(11) NOT NULL,
  `point` int(11) DEFAULT NULL,
  `phase` int(11) DEFAULT NULL,
  `event_id` int(11) DEFAULT NULL,
  `employee_id` int(11) DEFAULT NULL,
  `createdAt` datetime NOT NULL,
  `updatedAt` datetime NOT NULL
) ENGINE=InnoDB DEFAULT CHARSET=utf8mb4;

-- --------------------------------------------------------

--
-- Structure de la table `drawsetting`
--

CREATE TABLE `drawsetting` (
  `id` int(11) NOT NULL,
  `correctPhase1` varchar(255) DEFAULT NULL,
  `incorrectPhase1` varchar(255) DEFAULT NULL,
  `correctPhase2` varchar(255) DEFAULT NULL,
  `incorrectPhase2` varchar(255) DEFAULT NULL,
  `correctPhase3` varchar(255) DEFAULT NULL,
  `incorrectPhase3` varchar(255) DEFAULT NULL,
  `correctPhase4` varchar(255) DEFAULT NULL,
  `incorrectPhase4` varchar(255) DEFAULT NULL,
  `correctChampion` varchar(255) DEFAULT NULL,
  `event_id` int(11) DEFAULT NULL,
  `createdAt` datetime NOT NULL,
  `updatedAt` datetime NOT NULL
) ENGINE=InnoDB DEFAULT CHARSET=utf8mb4;

-- --------------------------------------------------------

--
-- Structure de la table `equipes`
--

CREATE TABLE `equipes` (
  `id` int(11) NOT NULL,
  `name` varchar(255) NOT NULL,
  `country` varchar(255) NOT NULL,
  `images` varchar(255) NOT NULL,
  `createdAt` datetime NOT NULL,
  `updatedAt` datetime NOT NULL
) ENGINE=InnoDB DEFAULT CHARSET=utf8;

--
-- Déchargement des données de la table `equipes`
--

INSERT INTO `equipes` (`id`, `name`, `country`, `images`, `createdAt`, `updatedAt`) VALUES
(1, 'Equateur', 'Equateur', 'ec.png', '2022-11-01 14:21:29', '2022-11-01 14:21:29'),
(2, 'Pays-Bas', 'Pays-Bas', 'nl.png', '2022-11-01 14:21:29', '2022-11-01 14:21:29'),
(3, 'Senegal', 'Senegal', 'sn.png', '2022-11-01 14:21:29', '2022-11-01 14:21:29'),
(4, 'Qatar', 'Qatar', 'qa.png', '2022-11-01 14:21:29', '2022-11-01 14:21:29'),
(5, 'Argentine', 'Argentine', 'ar.png', '2022-11-01 14:21:29', '2022-11-01 14:21:29'),
(6, 'Belgique', 'Belgique', 'be.png', '2022-11-01 14:21:29', '2022-11-01 14:21:29'),
(7, 'Canada', 'Canada', 'ca.png', '2022-11-01 14:21:29', '2022-11-01 14:21:29'),
(8, 'Angleterre', 'Angleterre', 'gb.png', '2022-11-01 14:21:29', '2022-11-01 14:21:29'),
(9, 'Etats-Unis', 'Etats-Unis', 'us.png', '2022-11-01 14:21:29', '2022-11-01 14:21:29'),
(10, 'Iran', 'Iran', 'ir.png', '2022-11-01 14:21:29', '2022-11-01 14:21:29'),
(11, 'Pays de Galles', 'Pays de Galles', 'gb-wls.png', '2022-11-01 14:21:29', '2022-11-01 14:21:29'),
(12, 'Arabie saoudite', 'Arabie saoudite', 'sa.png', '2022-11-01 14:21:29', '2022-11-01 14:21:29'),
(13, 'Mexique', 'Mexique', 'mx.png', '2022-11-01 14:21:29', '2022-11-01 14:21:29'),
(14, 'Pologne', 'Pologne', 'pl.png', '2022-11-01 14:21:29', '2022-11-01 14:21:29'),
(15, 'Australie', 'Australie', 'au.png', '2022-11-01 14:21:29', '2022-11-01 14:21:29'),
(16, 'Croatie', 'Croatie', 'hr.png', '2022-11-01 14:21:29', '2022-11-01 14:21:29'),
(17, 'Coree du Sud', 'Coree du Sud', 'kr.png', '2022-11-01 14:21:29', '2022-11-01 14:21:29'),
(18, 'Ghana', 'Ghana', 'gh.png', '2022-11-01 14:21:29', '2022-11-01 14:21:29'),
(19, 'Portugal', 'Portugal', 'pt.png', '2022-11-01 14:21:29', '2022-11-01 14:21:29'),
(20, 'Bresil', 'Bresil', 'br.png', '2022-11-01 14:21:29', '2022-11-01 14:21:29'),
(21, 'Cameroun', 'Cameroun', 'cm.png', '2022-11-01 14:21:29', '2022-11-01 14:21:29'),
(22, 'Serbie', 'Serbie', 'rs.png', '2022-11-01 14:21:29', '2022-11-01 14:21:29'),
(23, 'Suisse', 'Suisse', 'ch.png', '2022-11-01 14:21:29', '2022-11-01 14:21:29'),
(24, 'Allemagne', 'Allemagne', 'de.png', '2022-11-01 14:21:29', '2022-11-01 14:21:29'),
(25, 'Costa Rica', 'Costa Rica', 'cr.png', '2022-11-01 14:21:29', '2022-11-01 14:21:29'),
(26, 'Espagne', 'Espagne', 'es.png', '2022-11-01 14:21:29', '2022-11-01 14:21:29'),
(27, 'Japon', 'Japon', 'jp.png', '2022-11-01 14:21:29', '2022-11-01 14:21:29'),
(28, 'Uruguay', 'Uruguay', 'uy.png', '2022-11-01 14:21:29', '2022-11-01 14:21:29'),
(29, 'Denmark', 'Denmark', 'dk.png', '2022-11-01 14:21:29', '2022-11-01 14:21:29'),
(30, 'Tunisie', 'Tunisie', 'tn.png', '2022-11-01 14:21:29', '2022-11-01 14:21:29'),
(31, 'France', 'France', 'fr.png', '2022-11-01 14:21:29', '2022-11-01 14:21:29'),
(32, 'Maroc', 'Maroc', 'ma.png', '2022-11-01 14:21:29', '2022-11-01 14:21:29'),
(579, 'Juventus', 'Italie', 'Juvee.png', '2022-12-23 09:18:26', '2022-12-23 09:18:26'),
(581, 'Etoile Sportive du Sahel', 'Tunisie', 'ess.png', '2022-12-23 15:17:31', '2022-12-23 15:17:31'),
(583, 'Aston Villa ', 'Angleterre', 'AstonVilla.png', '2022-12-26 13:18:30', '2022-12-26 13:18:30'),
(584, 'Liverpool', 'Angleterre', 'Liverpool.png', '2022-12-26 13:18:45', '2022-12-26 13:18:45'),
(586, 'Arsenal', 'Angleterre', 'Arsenal.png', '2022-12-26 13:35:45', '2022-12-26 13:35:45'),
(587, 'Westham', 'Angleterre', 'Westham.png', '2022-12-26 13:36:01', '2022-12-26 13:36:01'),
(588, 'Chelsea', 'Angleterre', 'Chelsea.png', '2022-12-26 13:36:15', '2022-12-26 13:36:15'),
(589, 'Bournemouth', 'Angleterre', 'Bournemouth.png', '2022-12-26 13:36:41', '2022-12-26 13:36:41'),
(590, 'Manchester United', 'Angleterre', 'Manutd.png', '2022-12-26 13:37:01', '2022-12-26 13:37:01'),
(591, 'Nottingham', 'Angleterre', 'Nottingham.png', '2022-12-26 13:37:32', '2022-12-26 13:37:32'),
(592, 'Leeds', 'Angleterre', 'Leeds.png', '2022-12-26 13:37:48', '2022-12-26 13:37:48'),
(593, 'Manchester City', 'Angleterre', 'mancity.png', '2022-12-26 13:38:12', '2022-12-26 13:38:12'),
(594, 'Marseille', 'France', 'images-1672134112057.png', '2022-12-27 09:41:52', '2022-12-27 09:41:52'),
(595, 'Toulouse', 'France', 'images-1672134130003.png', '2022-12-27 09:42:10', '2022-12-27 09:42:10'),
(596, 'Reims', 'France', 'images-1672134142410.png', '2022-12-27 09:42:22', '2022-12-27 09:42:22'),
(597, 'Rennes', 'France', 'images-1672134175359.png', '2022-12-27 09:42:55', '2022-12-27 09:42:55'),
(598, 'PSG', 'France', 'images-1672176466660.png', '2022-12-27 21:27:46', '2022-12-27 21:27:46'),
(599, 'Strasburg', 'France', 'images-1672176489695.png', '2022-12-27 21:28:09', '2022-12-27 21:28:09'),
(600, 'Cremonese', 'Italy', 'images-1672827697604.png', '2023-01-04 10:21:37', '2023-01-04 10:21:37'),
(601, 'Napoli', 'Italy', 'images-1672828029431.png', '2023-01-04 10:27:09', '2023-01-04 10:27:09'),
(602, 'Inter Milano', 'Italy', 'images-1672828084251.png', '2023-01-04 10:28:04', '2023-01-04 10:28:04'),
(603, 'Salernitana', 'Italy', 'images-1672828206205.png', '2023-01-04 10:30:06', '2023-01-04 10:30:06'),
(604, 'Milan', 'Italy', 'images-1672828222265.png', '2023-01-04 10:30:22', '2023-01-04 10:30:22'),
(605, 'Tottenham', 'United Kingdom', 'images-1672828489259.png', '2023-01-04 10:34:49', '2023-01-04 10:34:49'),
(606, 'Crystal Palace', 'United Kingdom', 'images-1672828516688.png', '2023-01-04 10:35:16', '2023-01-04 10:35:16'),
(607, 'Chili', 'Chili', 'cl.png', '2023-01-04 13:15:49', '2023-01-04 13:15:49'),
(608, 'Montenegro', 'Montenegro', 'me.png', '2023-01-04 13:15:49', '2023-01-04 13:15:49'),
(609, 'Slovenie', 'Slovenie', 'si.png', '2023-01-04 13:15:49', '2023-01-04 13:15:49'),
(610, 'Bahrein', 'Bahrein', 'bh.png', '2023-01-04 13:15:49', '2023-01-04 13:15:49'),
(611, 'Suede', 'Suede', 'se.png', '2023-01-04 13:15:49', '2023-01-04 13:15:49'),
(612, 'Cap-Vert', 'Cap-Vert', 'cv.png', '2023-01-04 13:15:49', '2023-01-04 13:15:49'),
(613, 'Hongrie', 'Hongrie', 'hu.png', '2023-01-04 13:15:49', '2023-01-04 13:15:49'),
(614, 'Islande', 'Islande', 'is.png', '2023-01-04 13:15:49', '2023-01-04 13:15:49'),
(615, 'Norvege', 'Norvege', 'no.png', '2023-01-04 13:15:49', '2023-01-04 13:15:49'),
(616, 'Macedoine', 'Macedoine', 'mk.png', '2023-01-04 13:15:49', '2023-01-04 13:15:49'),
(617, 'Algerie', 'Algerie', 'dz.png', '2023-01-04 13:15:49', '2023-01-04 13:15:49'),
(618, 'Egypte', 'Egypte', 'eg.png', '2023-01-04 13:15:49', '2023-01-04 13:15:49'),
(620, 'Wolves', 'United Kingdom', 'images-1672842636154.png', '2023-01-04 14:30:36', '2023-01-04 14:30:36'),
(621, 'Oman', 'Oman', 'om.png', '2023-01-06 13:20:51', '2023-01-06 13:20:51'),
(622, 'Iraq', 'Iraq', 'iq.png', '2023-01-06 13:20:51', '2023-01-06 13:20:51'),
(623, 'Yemen', 'Yemen', 'ye.png', '2023-01-06 13:20:51', '2023-01-06 13:20:51'),
(624, 'United Arab Emirates', 'United Arab Emirates', 'ae.png', '2023-01-06 13:20:51', '2023-01-06 13:20:51'),
(625, 'Bahrain', 'Bahrain', 'bh.png', '2023-01-06 13:20:51', '2023-01-06 13:20:51'),
(626, 'Kuwait', 'Kuwait', 'kw.png', '2023-01-06 13:20:51', '2023-01-06 13:20:51'),
(627, 'Real Madrid', 'Spain', 'images-1673013089583.png', '2023-01-06 13:51:29', '2023-01-06 13:51:29'),
(628, 'Villarreal', 'Spain', 'images-1673013115180.png', '2023-01-06 13:51:55', '2023-01-06 13:51:55'),
(629, 'Udinese', 'Italy', 'images-1673013149232.png', '2023-01-06 13:52:29', '2023-01-06 13:52:29'),
(630, 'Barcelona', 'Spain', 'images-1673013351908.png', '2023-01-06 13:55:51', '2023-01-06 13:55:51'),
(631, 'Atl. Madrid', 'Spain', 'images-1673013366469.png', '2023-01-06 13:56:06', '2023-01-06 13:56:06'),
(632, 'AS Roma', 'Italy', 'images-1673013392136.png', '2023-01-06 13:56:32', '2023-01-06 13:56:32'),
(633, 'Ath Bilbao', 'Spain', 'images-1673277855959.png', '2023-01-09 15:24:15', '2023-01-09 15:24:15'),
(634, 'Osasuna', 'Spain', 'images-1673277875248.png', '2023-01-09 15:24:35', '2023-01-09 15:24:35'),
(635, 'Clermont', 'France', 'images-1673297478384.png', '2023-01-09 20:51:18', '2023-01-09 20:51:18'),
(636, 'Lorient', 'France', 'images-1673297698550.png', '2023-01-09 20:54:58', '2023-01-09 20:54:58'),
(637, 'Monaco', 'France', 'images-1673297721701.png', '2023-01-09 20:55:21', '2023-01-09 20:55:21'),
(638, 'Fulham', 'United Kingdom', 'images-1673457530643.png', '2023-01-11 17:18:50', '2023-01-11 17:18:50'),
(639, 'Betis', 'Spain', 'images-1673522198659.png', '2023-01-12 11:16:38', '2023-01-12 11:16:38'),
(640, 'ETOILE SPORTIVE DU SAHEL', 'Tunisia', 'images-1673528897404.png', '2023-01-12 13:08:17', '2023-01-12 13:08:17'),
(641, 'ESPERANCE DE TUNIS', 'Tunisia', 'images-1673528925933.png', '2023-01-12 13:08:45', '2023-01-12 13:08:45'),
(642, 'Monza', 'Italy', 'images-1673621295191.png', '2023-01-13 14:48:15', '2023-01-13 14:48:15'),
(643, 'Lyon', 'France', 'images-1673621307224.png', '2023-01-13 14:48:27', '2023-01-13 14:48:27'),
(644, 'Fiorentina', 'Italy', 'images-1673621419538.png', '2023-01-13 14:50:19', '2023-01-13 14:50:19');

-- --------------------------------------------------------

--
-- Structure de la table `events`
--

CREATE TABLE `events` (
  `id` int(11) NOT NULL,
  `name` varchar(255) NOT NULL,
  `description` varchar(400) NOT NULL,
  `displayQualification` tinyint(1) NOT NULL,
  `qualificationType` varchar(255) DEFAULT NULL,
  `displayOrder` tinyint(1) NOT NULL,
  `image` varchar(255) NOT NULL,
  `is_deleted` tinyint(1) NOT NULL DEFAULT 0,
  `categorieId` int(11) DEFAULT NULL,
  `createdAt` datetime NOT NULL,
  `updatedAt` datetime NOT NULL
) ENGINE=InnoDB DEFAULT CHARSET=utf8;

--
-- Déchargement des données de la table `events`
--

INSERT INTO `events` (`id`, `name`, `description`, `displayQualification`, `qualificationType`, `displayOrder`, `image`, `is_deleted`, `categorieId`, `createdAt`, `updatedAt`) VALUES
(1, 'World Cup Qatar 2022', 'La Coupe du monde de football 2022 est la 22e édition de ce tournoi quadriennal. Organisée par la FIFA, elle se déroule au Qatar du 20 novembre au 18 décembre 2022, jour de la fête nationale. Le tournoi n’est pas organisé lors des mois habituels, juin et juillet, en raison de climat et des trop fortes chaleurs régnant dans le pays organisateur à cette période', 1, '32', 1, '', 1, 1, '2022-11-01 13:53:57', '2023-01-09 15:32:30'),
(18, 'Mix Test', 'Mix Test', 0, '', 0, 'premierleague.png', 1, 1, '2022-12-26 13:15:32', '2023-01-09 15:32:35'),
(19, 'Mix Europe 1', 'ITALIE\r\nFRANCE\r\nANGLETERRE\r\nALLEMAGNE\r\nESPAGNE', 0, '', 0, 'file-1672827791045.png', 1, 1, '2023-01-04 10:23:11', '2023-01-09 15:32:40'),
(20, 'World cup Handball 2023', 'Le Championnat du monde masculin de handball 2023 est la 28e édition du Championnat du monde masculin de handball qui a lieu du 11 au 29 janvier 2023 en Pologne et en Suède.\r\n\r\nLe Danemark, vainqueur en 2019 et 2021, remet son titre en jeu.', 0, NULL, 1, 'file-1672835758642.jpg', 0, 9, '2023-01-04 12:35:58', '2023-01-04 12:35:58'),
(21, 'Gulf Cup of Nations', 'Gulf Cup of Nations', 1, '8', 1, 'file-1672870645757.jpg', 0, 1, '2023-01-04 22:17:25', '2023-01-04 22:17:25'),
(22, 'Test final', 'Test', 0, '', 0, 'file-1672939786419.png', 1, 1, '2023-01-05 17:29:46', '2023-01-09 15:32:45'),
(23, 'Test2', 'test', 0, '', 0, 'file-1673002975858.png', 1, 1, '2023-01-06 11:02:55', '2023-01-09 15:32:48'),
(24, 'MIX EUROPE PRIME', 'SPAIN \r\nENGLAND\r\nFRANCE\r\nITALIE\r\nGERMAN', 0, '', 0, 'file-1673012980616.png', 0, 1, '2023-01-06 13:49:40', '2023-01-06 13:49:40'),
(25, 'MIX Arabe ', 'Tunisian\r\nSaoudian\r\nEgyptian\r\nMaroccoan\r\n\r\nLEAGUES', 0, '', 0, 'file-1673523051041.jpg', 0, 1, '2023-01-12 11:30:51', '2023-01-12 11:30:51'),
(26, 'brahom eve1', 'dedededed', 0, '', 0, 'file-1683536668201.PNG', 0, 10, '2023-05-08 09:04:28', '2023-05-08 09:04:28'),
(27, 'evn1', 'dede', 0, '', 0, 'file-1683542609371.PNG', 0, 1, '2023-05-08 10:43:29', '2023-05-08 10:43:29'),
(28, 'even2', 'cr', 0, '', 0, 'file-1683542656590.PNG', 0, 1, '2023-05-08 10:44:16', '2023-05-08 10:44:16'),
(29, 'evn3', 'ju_', 0, '', 0, 'file-1683542677071.PNG', 0, 1, '2023-05-08 10:44:37', '2023-05-08 10:44:37');

-- --------------------------------------------------------

--
-- Structure de la table `groupes`
--

CREATE TABLE `groupes` (
  `id` int(11) NOT NULL,
  `name` varchar(255) NOT NULL,
  `event_id` int(11) DEFAULT NULL,
  `createdAt` datetime NOT NULL,
  `updatedAt` datetime NOT NULL
) ENGINE=InnoDB DEFAULT CHARSET=utf8;

--
-- Déchargement des données de la table `groupes`
--

INSERT INTO `groupes` (`id`, `name`, `event_id`, `createdAt`, `updatedAt`) VALUES
(1, 'Groupe A', 1, '2022-11-01 14:21:29', '2022-11-01 14:21:29'),
(2, 'Groupe B', 1, '2022-11-01 14:21:29', '2022-11-01 14:21:29'),
(3, 'Groupe C', 1, '2022-11-01 14:21:29', '2022-11-01 14:21:29'),
(4, 'Groupe D', 1, '2022-11-01 14:21:29', '2022-11-01 14:21:29'),
(5, 'Groupe E', 1, '2022-11-01 14:21:29', '2022-11-01 14:21:29'),
(6, 'Groupe F', 1, '2022-11-01 14:21:29', '2022-11-01 14:21:29'),
(7, 'Groupe G', 1, '2022-11-01 14:21:29', '2022-11-01 14:21:29'),
(8, 'Groupe H', 1, '2022-11-01 14:21:29', '2022-11-01 14:21:29'),
(145, 'Seizieme de final 1', 1, '2022-12-01 09:23:21', '2022-12-01 09:23:21'),
(146, 'Seizieme de final 2', 1, '2022-12-01 09:23:21', '2022-12-01 09:23:21'),
(147, 'Seizieme de final 4', 1, '2022-12-01 09:23:21', '2022-12-01 09:23:21'),
(148, 'Seizieme de final 3', 1, '2022-12-01 09:23:21', '2022-12-01 09:23:21'),
(149, 'Seizieme de final 5', 1, '2022-12-05 09:08:42', '2022-12-05 09:08:42'),
(150, 'Seizieme de final 6', 1, '2022-12-05 09:08:42', '2022-12-05 09:08:42'),
(151, 'Seizieme de final 7', 1, '2022-12-05 09:08:42', '2022-12-05 09:08:42'),
(152, 'Seizieme de final 8', 1, '2022-12-05 09:08:42', '2022-12-05 09:08:42'),
(153, 'Quart de final 1', 1, '2022-12-07 15:21:30', '2022-12-07 15:21:30'),
(154, 'Quart de final 2', 1, '2022-12-07 15:21:30', '2022-12-07 15:21:30'),
(155, 'Quart de final 3', 1, '2022-12-07 15:21:30', '2022-12-07 15:21:30'),
(157, 'Quart de final 4', 1, '2022-12-07 15:27:06', '2022-12-07 15:27:06'),
(158, 'Demi Final 1', 1, '2022-12-12 13:24:27', '2022-12-12 13:24:27'),
(159, 'Demi Final 2', 1, '2022-12-12 13:24:27', '2022-12-12 13:24:27'),
(160, 'Troisieme place', 1, '2022-12-16 16:04:33', '2022-12-16 16:04:33'),
(161, 'Final', 1, '2022-12-16 16:04:33', '2022-12-16 16:04:33'),
(162, 'ccc', 1, '2022-12-23 09:33:13', '2022-12-23 09:33:13'),
(163, 'TEST', 1, '2022-12-23 15:04:51', '2022-12-23 15:04:51'),
(164, 'test1', 1, '2022-12-23 15:05:24', '2022-12-23 15:05:24'),
(171, 'Mix Europ ', 18, '2022-12-27 21:25:24', '2022-12-27 21:25:24'),
(172, 'Janvier 1st week', 19, '2023-01-04 10:24:24', '2023-01-04 10:24:24'),
(173, 'Groupe A', 20, '2023-01-04 13:15:49', '2023-01-04 13:15:49'),
(174, 'Groupe B', 20, '2023-01-04 13:15:49', '2023-01-04 13:15:49'),
(176, 'Groupe C', 20, '2023-01-04 13:15:49', '2023-01-04 13:15:49'),
(177, 'Groupe D', 20, '2023-01-04 13:15:49', '2023-01-04 13:15:49'),
(178, 'Groupe E', 20, '2023-01-04 13:15:49', '2023-01-04 13:15:49'),
(179, 'Groupe F', 20, '2023-01-04 13:15:49', '2023-01-04 13:15:49'),
(180, 'Groupe G', 20, '2023-01-04 13:15:49', '2023-01-04 13:15:49'),
(181, 'Journée de test', 18, '2023-01-05 17:22:55', '2023-01-05 17:22:55'),
(182, 'Test journée ', 22, '2023-01-05 17:31:55', '2023-01-05 17:31:55'),
(183, 'Test Journée', 23, '2023-01-06 11:04:05', '2023-01-06 11:04:05'),
(184, 'Groupe H', 20, '2023-01-04 13:15:49', '2023-01-04 13:15:49'),
(185, 'Groupe A', 21, '2023-01-06 13:20:51', '2023-01-06 13:20:51'),
(186, 'Groupe B', 21, '2023-01-06 13:20:51', '2023-01-06 13:20:51'),
(187, 'Journée 1-2', 24, '2023-01-06 13:53:18', '2023-01-06 13:53:18'),
(188, 'Matches Journée 1-3', 24, '2023-01-09 20:52:05', '2023-01-09 20:52:05'),
(189, 'TUNISIAN LEAGUE', 25, '2023-01-12 13:09:39', '2023-01-12 13:09:39'),
(190, 'Semi Finals', 21, '2023-01-16 11:12:40', '2023-01-16 11:12:40'),
(191, 'Group test', 21, '2023-01-20 14:33:37', '2023-01-20 14:33:37'),
(192, 'group test', 24, '2023-01-20 14:35:02', '2023-01-20 14:35:02'),
(193, 'lllll', 1, '2023-01-23 11:42:05', '2023-01-23 11:42:05'),
(194, 'kjkjkhkj', 1, '2023-01-23 11:42:22', '2023-01-23 11:42:22'),
(195, 'match brahim11', 26, '2023-05-08 09:05:38', '2023-05-08 09:05:38'),
(196, 'safa', 29, '2023-05-12 10:22:31', '2023-05-12 10:22:31');

-- --------------------------------------------------------

--
-- Structure de la table `groupes_equipes`
--

CREATE TABLE `groupes_equipes` (
  `groupe_id` int(11) NOT NULL,
  `equipe_id` int(11) NOT NULL,
  `createdAt` datetime NOT NULL,
  `updatedAt` datetime NOT NULL
) ENGINE=InnoDB DEFAULT CHARSET=utf8mb4;

--
-- Déchargement des données de la table `groupes_equipes`
--

INSERT INTO `groupes_equipes` (`groupe_id`, `equipe_id`, `createdAt`, `updatedAt`) VALUES
(196, 1, '2023-05-12 10:22:31', '2023-05-12 10:22:31'),
(196, 3, '2023-05-12 10:22:31', '2023-05-12 10:22:31');

-- --------------------------------------------------------

--
-- Structure de la table `historiquesolde`
--

CREATE TABLE `historiquesolde` (
  `id` int(11) NOT NULL,
  `employee_number` varchar(255) DEFAULT NULL,
  `priceUser` varchar(255) DEFAULT NULL,
  `commissionRate` varchar(255) DEFAULT NULL,
  `solde` varchar(255) DEFAULT NULL,
  `commercial_user` int(11) DEFAULT NULL,
  `company_id` int(11) DEFAULT NULL,
  `createdAt` datetime NOT NULL,
  `updatedAt` datetime NOT NULL
) ENGINE=InnoDB DEFAULT CHARSET=utf8mb4;

-- --------------------------------------------------------

--
-- Structure de la table `history_score`
--

CREATE TABLE `history_score` (
  `id` int(11) NOT NULL,
  `score` int(11) DEFAULT NULL,
  `difference` int(11) NOT NULL,
  `employee_id` int(11) DEFAULT NULL,
  `createdAt` datetime NOT NULL,
  `updatedAt` datetime NOT NULL
) ENGINE=InnoDB DEFAULT CHARSET=utf8mb4;

-- --------------------------------------------------------

--
-- Structure de la table `matchs`
--

CREATE TABLE `matchs` (
  `id` int(11) NOT NULL,
  `date` datetime DEFAULT NULL,
  `time` time DEFAULT NULL,
  `groupe_id` int(11) DEFAULT NULL,
  `coeff` int(11) NOT NULL DEFAULT 1,
  `createdAt` datetime NOT NULL,
  `updatedAt` datetime NOT NULL
) ENGINE=InnoDB DEFAULT CHARSET=utf8;

--
-- Déchargement des données de la table `matchs`
--

INSERT INTO `matchs` (`id`, `date`, `time`, `groupe_id`, `coeff`, `createdAt`, `updatedAt`) VALUES
(1, '2022-11-25 16:00:00', NULL, 1, 1, '2022-11-01 14:21:49', '2022-11-25 18:00:11'),
(2, '2022-11-29 15:00:00', NULL, 1, 2, '2022-11-01 14:21:49', '2022-11-29 16:59:11'),
(3, '2022-11-20 16:00:00', NULL, 1, 1, '2022-11-01 14:21:49', '2022-11-20 18:03:07'),
(4, '2022-11-21 16:00:00', NULL, 1, 2, '2022-11-01 14:21:49', '2022-11-21 18:04:37'),
(5, '2022-11-29 15:00:00', NULL, 1, 1, '2022-11-01 14:21:49', '2022-11-29 16:55:33'),
(6, '2022-11-25 13:00:00', NULL, 1, 1, '2022-11-01 14:21:49', '2022-11-25 15:02:28'),
(7, '2022-11-25 19:00:00', NULL, 2, 1, '2022-11-01 14:21:49', '2022-11-25 20:54:15'),
(8, '2022-11-21 13:00:00', NULL, 2, 1, '2022-11-01 14:21:49', '2022-11-21 15:14:28'),
(9, '2022-11-29 19:00:00', NULL, 2, 1, '2022-11-01 14:21:49', '2022-11-29 20:58:15'),
(10, '2022-11-29 19:00:00', NULL, 2, 2, '2022-11-01 14:21:49', '2022-11-29 21:03:53'),
(11, '2022-11-21 19:00:00', NULL, 2, 1, '2022-11-01 14:21:49', '2022-11-21 21:09:50'),
(12, '2022-11-25 10:00:00', NULL, 2, 2, '2022-11-01 14:21:49', '2022-11-25 12:03:44'),
(13, '2022-11-22 10:00:00', NULL, 3, 1, '2022-11-01 14:21:49', '2022-11-22 12:36:33'),
(14, '2022-11-26 19:00:00', NULL, 3, 1, '2022-11-01 14:21:49', '2022-11-26 20:57:53'),
(15, '2022-11-30 19:00:00', NULL, 3, 2, '2022-11-01 14:21:49', '2022-11-30 20:57:18'),
(16, '2022-11-30 19:00:00', NULL, 3, 2, '2022-11-01 14:21:49', '2022-11-30 21:00:45'),
(17, '2022-11-26 13:00:00', NULL, 3, 2, '2022-11-01 14:21:49', '2022-11-26 15:14:21'),
(18, '2022-11-22 16:00:00', NULL, 3, 1, '2022-11-01 14:21:49', '2022-11-22 17:56:59'),
(19, '2022-11-30 15:00:00', NULL, 4, 2, '2022-11-01 14:21:49', '2022-11-30 17:06:06'),
(20, '2022-11-26 10:00:00', NULL, 4, 3, '2022-11-01 14:21:49', '2022-11-26 11:59:54'),
(21, '2022-11-22 19:00:00', NULL, 4, 2, '2022-11-01 14:21:49', '2022-11-22 21:00:55'),
(22, '2022-11-22 13:00:00', NULL, 4, 2, '2022-11-01 14:21:49', '2022-11-22 15:00:28'),
(23, '2022-11-26 16:00:00', NULL, 4, 2, '2022-11-01 14:21:49', '2022-11-26 17:58:05'),
(24, '2022-11-30 15:00:00', NULL, 4, 3, '2022-11-01 14:21:49', '2022-11-30 17:06:35'),
(25, '2022-12-01 19:00:00', NULL, 5, 1, '2022-11-01 14:21:49', '2022-12-01 20:56:48'),
(26, '2022-11-27 19:00:00', NULL, 5, 4, '2022-11-01 14:21:49', '2022-11-27 20:55:04'),
(27, '2022-11-23 13:00:00', NULL, 5, 1, '2022-11-01 14:21:49', '2022-11-23 15:14:39'),
(28, '2022-11-23 16:00:00', NULL, 5, 1, '2022-11-01 14:21:49', '2022-11-23 18:02:22'),
(29, '2022-11-27 10:00:00', NULL, 5, 1, '2022-11-01 14:21:49', '2022-11-27 11:56:11'),
(30, '2022-12-01 19:00:00', NULL, 5, 1, '2022-11-01 14:21:49', '2022-12-01 20:56:09'),
(31, '2022-11-23 19:00:00', NULL, 6, 1, '2022-11-01 14:21:49', '2022-11-23 20:56:39'),
(32, '2022-12-01 15:00:00', NULL, 6, 4, '2022-11-01 14:21:49', '2022-12-01 16:57:57'),
(33, '2022-11-27 13:00:00', NULL, 6, 3, '2022-11-01 14:21:49', '2022-11-27 14:58:22'),
(34, '2022-11-27 16:00:00', NULL, 6, 2, '2022-11-01 14:21:49', '2022-11-27 17:57:02'),
(35, '2022-12-01 15:00:00', NULL, 6, 1, '2022-11-01 14:21:49', '2022-12-01 16:58:13'),
(36, '2022-11-23 10:00:00', NULL, 6, 2, '2022-11-01 14:21:49', '2022-11-23 12:02:32'),
(37, '2022-12-02 19:00:00', NULL, 7, 2, '2022-11-01 14:21:49', '2022-12-02 21:01:34'),
(38, '2022-11-24 19:00:00', NULL, 7, 2, '2022-11-01 14:21:49', '2022-11-24 20:57:10'),
(39, '2022-11-28 16:00:00', NULL, 7, 2, '2022-11-01 14:21:49', '2022-11-28 17:56:13'),
(40, '2022-11-28 10:00:00', NULL, 7, 3, '2022-11-01 14:21:49', '2022-11-28 12:20:41'),
(41, '2022-11-24 10:00:00', NULL, 7, 1, '2022-11-01 14:21:49', '2022-11-24 12:01:28'),
(42, '2022-12-02 19:00:00', NULL, 7, 2, '2022-11-01 14:21:49', '2022-12-02 21:02:12'),
(43, '2022-11-28 13:00:00', NULL, 8, 3, '2022-11-01 14:21:49', '2022-11-28 15:02:59'),
(44, '2022-12-02 15:00:00', NULL, 8, 1, '2022-11-01 14:21:49', '2022-12-02 17:06:16'),
(45, '2022-11-24 13:00:00', NULL, 8, 2, '2022-11-01 14:21:49', '2022-11-24 14:57:13'),
(46, '2022-11-24 16:00:00', NULL, 8, 1, '2022-11-01 14:21:49', '2022-11-24 18:04:20'),
(47, '2022-12-02 15:00:00', NULL, 8, 3, '2022-11-01 14:21:49', '2022-12-02 17:06:30'),
(48, '2022-11-28 19:00:00', NULL, 8, 2, '2022-11-01 14:21:49', '2022-11-28 20:59:44'),
(721, '2022-12-03 15:00:00', NULL, 145, 2, '2022-12-01 09:23:25', '2022-12-03 16:56:58'),
(722, '2022-12-03 19:00:00', NULL, 146, 2, '2022-12-01 09:23:25', '2022-12-03 20:57:00'),
(723, '2022-12-04 15:00:00', NULL, 147, 2, '2022-12-01 09:23:25', '2022-12-04 16:58:24'),
(724, '2022-12-04 19:00:00', NULL, 148, 3, '2022-12-01 09:23:25', '2022-12-04 20:53:43'),
(725, '2022-12-05 15:00:00', NULL, 149, 2, '2022-12-05 09:08:43', '2022-12-05 17:34:27'),
(726, '2022-12-05 19:00:00', NULL, 150, 2, '2022-12-05 09:08:43', '2022-12-05 20:58:25'),
(727, '2022-12-06 15:00:00', NULL, 151, 4, '2022-12-05 09:08:43', '2022-12-06 18:13:49'),
(728, '2022-12-06 19:00:00', NULL, 152, 3, '2022-12-05 09:08:43', '2022-12-06 20:55:17'),
(729, '2022-12-09 19:00:00', NULL, 153, 3, '2022-12-07 15:21:31', '2022-12-09 21:44:23'),
(730, '2022-12-09 15:00:00', NULL, 154, 2, '2022-12-07 15:21:31', '2022-12-09 17:36:18'),
(731, '2022-12-10 19:00:00', NULL, 155, 3, '2022-12-07 15:21:31', '2022-12-10 21:02:45'),
(732, '2022-12-10 15:00:00', NULL, 157, 4, '2022-12-07 15:27:07', '2022-12-10 16:57:32'),
(733, '2022-12-13 19:00:00', NULL, 158, 10, '2022-12-12 13:24:30', '2022-12-13 21:01:03'),
(734, '2022-12-14 19:00:00', NULL, 159, 15, '2022-12-12 13:24:30', '2022-12-14 20:55:38'),
(735, '2022-12-17 15:00:00', NULL, 160, 20, '2022-12-16 16:04:34', '2022-12-17 16:55:06'),
(736, '2022-12-18 15:00:00', NULL, 161, 30, '2022-12-16 16:04:34', '2022-12-18 15:45:28'),
(737, NULL, NULL, 162, 1, '2022-12-23 09:33:13', '2022-12-23 09:33:13'),
(738, NULL, NULL, 163, 1, '2022-12-23 15:04:51', '2022-12-23 15:04:51'),
(739, NULL, NULL, 164, 1, '2022-12-23 15:05:24', '2022-12-23 15:05:24'),
(740, NULL, NULL, 165, 1, '2022-12-23 15:07:07', '2022-12-23 15:07:07'),
(741, NULL, NULL, 166, 1, '2022-12-23 15:10:37', '2022-12-23 15:10:37'),
(742, NULL, NULL, 167, 1, '2022-12-23 15:16:34', '2022-12-23 15:16:34'),
(743, NULL, NULL, 168, 1, '2022-12-23 15:18:45', '2022-12-23 15:18:45'),
(744, NULL, NULL, 169, 1, '2022-12-26 13:29:53', '2022-12-26 13:29:53'),
(745, '2022-12-26 17:30:00', NULL, 170, 3, '2022-12-26 13:41:51', '2022-12-26 18:04:02'),
(746, '2022-12-26 20:00:00', NULL, 170, 1, '2022-12-26 13:41:51', '2022-12-26 20:54:51'),
(747, '2022-12-27 17:30:00', NULL, 170, 1, '2022-12-26 13:41:51', '2022-12-27 17:58:29'),
(748, '2022-12-27 20:00:00', NULL, 170, 1, '2022-12-26 13:41:51', '2022-12-27 20:21:34'),
(749, '2022-12-28 20:00:00', NULL, 170, 1, '2022-12-26 13:41:51', '2022-12-26 13:45:46'),
(750, '2022-12-29 18:00:00', NULL, 170, 1, '2022-12-27 09:43:21', '2022-12-27 09:44:20'),
(751, '2022-12-29 20:00:00', NULL, 170, 1, '2022-12-27 09:43:44', '2022-12-27 09:44:02'),
(752, '2023-01-20 15:00:00', NULL, 171, 1, '2022-12-27 21:25:24', '2023-01-20 14:29:02'),
(753, '2023-01-20 17:30:00', NULL, 171, 1, '2022-12-27 21:25:24', '2023-01-20 14:29:33'),
(754, '2022-12-29 18:00:00', NULL, 171, 1, '2022-12-27 21:25:24', '2022-12-29 19:06:52'),
(755, '2022-12-28 21:00:00', NULL, 171, 1, '2022-12-27 21:29:11', '2022-12-29 21:18:04'),
(756, '2023-01-04 17:30:00', NULL, 172, 1, '2023-01-04 10:24:24', '2023-01-04 10:26:26'),
(757, '2023-01-04 19:45:00', NULL, 172, 1, '2023-01-04 10:28:23', '2023-01-04 10:28:45'),
(758, NULL, NULL, 172, 1, '2023-01-04 10:30:41', '2023-01-04 10:30:41'),
(759, '2023-01-04 20:00:00', NULL, 172, 1, '2023-01-04 10:36:48', '2023-01-04 10:37:25'),
(760, '2023-01-16 19:30:00', NULL, 173, 1, '2023-01-04 13:15:50', '2023-01-16 20:57:05'),
(761, '2023-01-12 17:00:00', NULL, 173, 1, '2023-01-04 13:15:50', '2023-01-12 19:08:19'),
(762, '2023-01-14 17:00:00', NULL, 173, 1, '2023-01-04 13:15:50', '2023-01-14 18:29:28'),
(763, '2023-01-14 19:30:00', NULL, 173, 1, '2023-01-04 13:15:50', '2023-01-14 23:32:43'),
(764, '2023-01-12 19:30:00', NULL, 173, 1, '2023-01-04 13:15:50', '2023-01-12 21:38:23'),
(765, '2023-01-16 17:00:00', NULL, 173, 1, '2023-01-04 13:15:50', '2023-01-16 20:34:27'),
(766, '2023-01-16 19:30:00', NULL, 174, 1, '2023-01-04 13:15:50', '2023-01-16 21:24:56'),
(767, '2023-01-14 17:00:00', NULL, 174, 1, '2023-01-04 13:15:50', '2023-01-14 18:26:22'),
(768, '2023-01-12 17:00:00', NULL, 174, 1, '2023-01-04 13:15:50', '2023-01-12 19:09:40'),
(769, '2023-01-11 20:00:00', NULL, 174, 1, '2023-01-04 13:15:50', '2023-01-11 21:38:39'),
(770, '2023-01-14 19:30:00', NULL, 174, 1, '2023-01-04 13:15:50', '2023-01-14 23:33:52'),
(771, '2023-01-16 17:00:00', NULL, 174, 1, '2023-01-04 13:15:50', '2023-01-16 20:34:52'),
(772, '2023-01-13 19:30:00', NULL, 184, 1, '2023-01-04 13:15:50', '2023-01-14 00:36:04'),
(773, '2023-01-15 17:00:00', NULL, 184, 2, '2023-01-04 13:15:50', '2023-01-15 18:33:41'),
(774, '2023-01-17 17:00:00', NULL, 184, 1, '2023-01-04 13:15:50', '2023-01-12 09:10:24'),
(775, '2023-01-17 19:30:00', NULL, 184, 2, '2023-01-04 13:15:50', '2023-01-13 14:54:10'),
(776, '2023-01-15 19:30:00', NULL, 184, 1, '2023-01-04 13:15:50', '2023-01-15 20:58:31'),
(777, '2023-01-13 17:00:00', NULL, 184, 2, '2023-01-04 13:15:50', '2023-01-13 18:52:34'),
(778, '2023-01-14 17:00:00', NULL, 176, 1, '2023-01-04 13:15:50', '2023-01-14 18:26:43'),
(779, '2023-01-12 19:30:00', NULL, 176, 1, '2023-01-04 13:15:50', '2023-01-12 21:42:29'),
(780, '2023-01-16 17:00:00', NULL, 176, 1, '2023-01-04 13:15:50', '2023-01-16 20:35:17'),
(781, '2023-01-16 19:30:00', NULL, 176, 1, '2023-01-04 13:15:50', '2023-01-16 20:57:34'),
(782, '2023-01-12 17:00:00', NULL, 176, 1, '2023-01-04 13:15:50', '2023-01-12 19:10:51'),
(783, '2023-01-14 19:30:00', NULL, 176, 1, '2023-01-04 13:15:50', '2023-01-14 23:34:20'),
(784, '2023-01-14 17:00:00', NULL, 177, 1, '2023-01-04 13:15:50', '2023-01-14 18:31:22'),
(785, '2023-01-12 17:00:00', NULL, 177, 1, '2023-01-04 13:15:50', '2023-01-12 19:11:25'),
(786, '2023-01-16 17:00:00', NULL, 177, 1, '2023-01-04 13:15:50', '2023-01-16 20:35:41'),
(787, '2023-01-16 19:30:00', NULL, 177, 1, '2023-01-04 13:15:50', '2023-01-16 21:08:09'),
(788, '2023-01-12 19:30:00', NULL, 177, 1, '2023-01-04 13:15:50', '2023-01-12 21:43:49'),
(789, '2023-01-14 19:30:00', NULL, 177, 1, '2023-01-04 13:15:50', '2023-01-14 23:37:38'),
(790, '2023-01-17 19:30:00', NULL, 178, 1, '2023-01-04 13:15:50', '2023-01-12 09:10:46'),
(791, '2023-01-13 17:00:00', NULL, 178, 1, '2023-01-04 13:15:50', '2023-01-13 18:50:32'),
(792, '2023-01-15 19:30:00', NULL, 178, 1, '2023-01-04 13:15:50', '2023-01-15 20:59:12'),
(793, '2023-01-15 17:00:00', NULL, 178, 1, '2023-01-04 13:15:50', '2023-01-15 18:42:37'),
(794, '2023-01-13 19:30:00', NULL, 178, 1, '2023-01-04 13:15:50', '2023-01-14 00:34:10'),
(795, '2023-01-17 17:00:00', NULL, 178, 1, '2023-01-04 13:15:50', '2023-01-12 09:11:01'),
(796, '2023-01-13 17:00:00', NULL, 179, 1, '2023-01-04 13:15:50', '2023-01-13 18:51:04'),
(797, '2023-01-17 19:30:00', NULL, 179, 1, '2023-01-04 13:15:50', '2023-01-12 09:12:38'),
(798, '2023-01-15 17:00:00', NULL, 179, 1, '2023-01-04 13:15:50', '2023-01-15 18:41:45'),
(799, '2023-01-15 19:30:00', NULL, 179, 1, '2023-01-04 13:15:50', '2023-01-15 21:00:40'),
(800, '2023-01-17 17:00:00', NULL, 179, 1, '2023-01-04 13:15:50', '2023-01-12 09:14:12'),
(801, '2023-01-13 19:30:00', NULL, 179, 1, '2023-01-04 13:15:50', '2023-01-14 00:34:55'),
(802, '2023-01-15 19:30:00', NULL, 180, 1, '2023-01-04 13:15:50', '2023-01-15 20:57:58'),
(803, '2023-01-13 17:00:00', NULL, 180, 1, '2023-01-04 13:15:50', '2023-01-13 18:52:02'),
(804, '2023-01-17 17:00:00', NULL, 180, 1, '2023-01-04 13:15:50', '2023-01-12 09:15:18'),
(805, '2023-01-17 19:30:00', NULL, 180, 1, '2023-01-04 13:15:50', '2023-01-12 09:14:50'),
(806, '2023-01-13 19:30:00', NULL, 180, 1, '2023-01-04 13:15:50', '2023-01-14 00:35:30'),
(807, '2023-01-15 17:00:00', NULL, 180, 1, '2023-01-04 13:15:50', '2023-01-09 21:27:28'),
(808, '2023-01-04 20:00:00', NULL, 172, 1, '2023-01-04 14:32:16', '2023-01-04 14:33:17'),
(809, '2023-01-05 20:00:00', NULL, 171, 1, '2023-01-05 17:14:43', '2023-01-05 17:15:03'),
(810, '2023-01-05 20:00:00', NULL, 181, 1, '2023-01-05 17:22:55', '2023-01-05 17:23:50'),
(811, '2023-01-05 20:00:00', NULL, 182, 1, '2023-01-05 17:31:55', '2023-01-05 17:32:11'),
(812, '2023-01-06 13:04:00', NULL, 183, 1, '2023-01-06 11:04:05', '2023-01-06 11:04:18'),
(813, '2023-01-06 14:04:00', NULL, 183, 3, '2023-01-06 11:04:05', '2023-01-06 11:07:09'),
(814, '2023-01-06 17:04:00', NULL, 183, 1, '2023-01-06 11:04:05', '2023-01-06 11:04:43'),
(815, '2023-01-09 12:04:00', NULL, 185, 1, '2023-01-06 13:20:53', '2023-01-09 12:03:11'),
(816, '2023-01-09 16:15:00', NULL, 185, 1, '2023-01-06 13:20:53', '2023-01-09 18:21:43'),
(817, '2023-01-06 16:00:00', NULL, 185, 1, '2023-01-06 13:20:53', '2023-01-06 19:46:04'),
(818, '2023-01-06 18:45:00', NULL, 185, 1, '2023-01-06 13:20:53', '2023-01-07 12:34:30'),
(819, '2023-01-09 13:15:00', NULL, 185, 1, '2023-01-06 13:20:53', '2023-01-09 15:22:37'),
(820, '2023-01-12 15:00:00', NULL, 185, 1, '2023-01-06 13:20:53', '2023-01-13 14:56:55'),
(821, '2023-01-13 15:00:00', NULL, 186, 1, '2023-01-06 13:20:53', '2023-01-13 17:10:50'),
(822, '2023-01-10 16:15:00', NULL, 186, 1, '2023-01-06 13:20:53', '2023-01-10 18:15:18'),
(823, '2023-01-07 16:15:00', NULL, 186, 1, '2023-01-06 13:20:53', '2023-01-07 19:45:57'),
(824, '2023-01-07 13:15:00', NULL, 186, 1, '2023-01-06 13:20:53', '2023-01-07 19:46:50'),
(825, '2023-01-10 13:15:00', NULL, 186, 1, '2023-01-06 13:20:53', '2023-01-10 16:55:46'),
(826, '2023-01-13 15:00:00', NULL, 186, 1, '2023-01-06 13:20:53', '2023-01-13 17:11:02'),
(827, '2023-01-07 17:00:00', NULL, 187, 1, '2023-01-06 13:53:18', '2023-01-07 19:43:10'),
(828, '2023-01-07 15:15:00', NULL, 187, 1, '2023-01-06 13:54:06', '2023-01-07 19:43:32'),
(829, '2023-01-08 19:45:00', NULL, 187, 1, '2023-01-06 13:57:34', '2023-01-08 21:47:41'),
(830, '2023-01-08 19:45:00', NULL, 187, 1, '2023-01-06 13:57:52', '2023-01-08 21:56:58'),
(831, '2023-01-11 18:00:00', NULL, 188, 1, '2023-01-09 20:52:05', '2023-01-11 20:15:17'),
(832, '2023-01-11 20:00:00', NULL, 188, 1, '2023-01-09 20:56:05', '2023-01-11 21:53:20'),
(833, '2023-01-12 20:00:00', NULL, 188, 1, '2023-01-11 17:19:08', '2023-01-12 21:58:44'),
(834, '2023-01-12 19:00:00', NULL, 188, 1, '2023-01-12 11:17:17', '2023-01-12 21:45:08'),
(835, '2023-01-12 16:00:00', NULL, 189, 2, '2023-01-12 13:09:39', '2023-01-12 18:26:02'),
(836, '2023-01-13 19:45:00', NULL, 188, 1, '2023-01-13 14:32:30', '2023-01-14 00:31:25'),
(837, '2023-01-14 12:30:00', NULL, 188, 1, '2023-01-13 14:42:40', '2023-01-14 14:25:32'),
(838, '2023-01-14 18:00:00', NULL, 188, 1, '2023-01-13 14:43:30', '2023-01-14 20:07:32'),
(839, '2023-01-15 16:30:00', NULL, 188, 1, '2023-01-13 14:49:32', '2023-01-15 18:27:55'),
(840, '2023-01-15 19:45:00', NULL, 188, 1, '2023-01-13 14:51:18', '2023-01-15 21:41:56'),
(841, '2023-01-15 19:45:00', NULL, 188, 1, '2023-01-13 14:52:04', '2023-01-15 21:41:15'),
(842, '2023-01-14 20:00:00', NULL, 188, 1, '2023-01-13 14:52:43', '2023-01-14 23:40:52'),
(843, '2023-01-16 13:15:00', NULL, 190, 1, '2023-01-16 11:12:40', '2023-01-16 17:30:59'),
(844, '2023-01-16 17:15:00', NULL, 190, 1, '2023-01-16 11:12:40', '2023-01-16 20:20:02'),
(845, NULL, NULL, 191, 1, '2023-01-20 14:33:37', '2023-01-20 14:33:37'),
(846, NULL, NULL, 191, 1, '2023-01-20 14:33:37', '2023-01-20 14:33:37'),
(847, NULL, NULL, 191, 1, '2023-01-20 14:33:37', '2023-01-20 14:33:37'),
(848, NULL, NULL, 191, 1, '2023-01-20 14:33:37', '2023-01-20 14:33:37'),
(849, '2023-01-20 14:40:00', NULL, 192, 1, '2023-01-20 14:35:02', '2023-01-20 14:35:58'),
(850, '2023-01-20 15:00:00', NULL, 192, 1, '2023-01-20 14:35:02', '2023-01-20 14:36:23'),
(851, '2023-01-20 17:30:00', NULL, 192, 1, '2023-01-20 14:35:02', '2023-01-20 14:36:37'),
(852, NULL, NULL, 193, 1, '2023-01-23 11:42:05', '2023-01-23 11:42:05'),
(853, NULL, NULL, 194, 1, '2023-01-23 11:42:22', '2023-01-23 11:42:22'),
(854, '2023-05-08 05:05:00', NULL, 195, 18, '2023-05-08 09:05:38', '2023-05-08 09:10:50'),
(855, '2023-05-08 02:07:00', NULL, 195, 18, '2023-05-08 09:07:04', '2023-05-08 09:11:15'),
(856, '2023-05-12 10:24:00', NULL, 196, 10, '2023-05-12 10:22:31', '2023-05-12 10:22:44');

-- --------------------------------------------------------

--
-- Structure de la table `matchs_equipes`
--

CREATE TABLE `matchs_equipes` (
  `match_id` int(11) NOT NULL,
  `equipe_id` int(11) NOT NULL,
  `order` tinyint(1) NOT NULL DEFAULT 0,
  `createdAt` datetime NOT NULL,
  `updatedAt` datetime NOT NULL
) ENGINE=InnoDB DEFAULT CHARSET=utf8mb4;

--
-- Déchargement des données de la table `matchs_equipes`
--

INSERT INTO `matchs_equipes` (`match_id`, `equipe_id`, `order`, `createdAt`, `updatedAt`) VALUES
(856, 1, 1, '2023-05-12 10:22:31', '2023-05-12 10:22:31'),
(856, 3, 0, '2023-05-12 10:22:31', '2023-05-12 10:22:31');

-- --------------------------------------------------------

--
-- Structure de la table `options`
--

CREATE TABLE `options` (
  `id` int(11) NOT NULL,
  `forgot_save` tinyint(1) DEFAULT 0,
  `use_date_forgot` datetime DEFAULT NULL,
  `forgot_match_id` int(11) DEFAULT NULL,
  `super_pronostic` tinyint(1) NOT NULL DEFAULT 0,
  `use_date_super` datetime DEFAULT NULL,
  `super_match_id` int(11) DEFAULT NULL,
  `double_score` tinyint(1) NOT NULL DEFAULT 0,
  `use_date_double` datetime DEFAULT NULL,
  `double_match_id` int(11) DEFAULT NULL,
  `employee_id` int(11) DEFAULT NULL,
  `event_id` int(11) DEFAULT NULL,
  `createdAt` datetime NOT NULL,
  `updatedAt` datetime NOT NULL
) ENGINE=InnoDB DEFAULT CHARSET=utf8mb4;

-- --------------------------------------------------------

--
-- Structure de la table `order`
--

CREATE TABLE `order` (
  `id` int(11) NOT NULL,
  `mp` int(11) NOT NULL DEFAULT 0,
  `w` int(11) NOT NULL DEFAULT 0,
  `d` int(11) NOT NULL DEFAULT 0,
  `l` int(11) NOT NULL DEFAULT 0,
  `pt` int(11) NOT NULL DEFAULT 0,
  `but` int(11) NOT NULL DEFAULT 0,
  `o_but` int(11) NOT NULL DEFAULT 0,
  `groupe_id` int(11) DEFAULT NULL,
  `equipe_id` int(11) DEFAULT NULL,
  `event_id` int(11) DEFAULT NULL,
  `createdAt` datetime NOT NULL,
  `updatedAt` datetime NOT NULL
) ENGINE=InnoDB DEFAULT CHARSET=utf8;

--
-- Déchargement des données de la table `order`
--

INSERT INTO `order` (`id`, `mp`, `w`, `d`, `l`, `pt`, `but`, `o_but`, `groupe_id`, `equipe_id`, `event_id`, `createdAt`, `updatedAt`) VALUES
(1, 3, 1, 1, 1, 4, 4, 3, 1, 1, 1, '2022-11-24 10:17:13', '2022-11-29 16:59:11'),
(2, 3, 2, 1, 0, 7, 5, 1, 1, 2, 1, '2022-11-24 10:17:13', '2022-11-29 16:55:33'),
(3, 3, 2, 0, 1, 6, 5, 4, 1, 3, 1, '2022-11-24 10:17:13', '2022-11-29 16:59:11'),
(4, 3, 0, 0, 3, 0, 1, 7, 1, 4, 1, '2022-11-24 10:17:13', '2022-11-29 16:55:33'),
(5, 3, 2, 1, 0, 7, 9, 2, 2, 8, 1, '2022-11-24 10:32:58', '2022-11-29 20:58:15'),
(6, 3, 1, 0, 2, 3, 4, 7, 2, 10, 1, '2022-11-24 10:32:58', '2022-11-29 21:03:53'),
(7, 3, 1, 2, 0, 5, 2, 1, 2, 9, 1, '2022-11-24 10:32:58', '2022-11-29 21:03:53'),
(8, 3, 0, 1, 2, 1, 1, 6, 2, 11, 1, '2022-11-24 10:32:58', '2022-11-29 20:58:15'),
(9, 3, 2, 0, 1, 6, 5, 2, 3, 5, 1, '2022-11-24 10:39:09', '2022-11-30 20:57:18'),
(10, 3, 1, 0, 2, 3, 3, 5, 3, 12, 1, '2022-11-24 10:39:09', '2022-11-30 21:00:45'),
(11, 3, 1, 1, 1, 4, 2, 3, 3, 13, 1, '2022-11-24 10:39:09', '2022-11-30 21:00:45'),
(12, 3, 1, 1, 1, 4, 2, 2, 3, 14, 1, '2022-11-24 10:39:09', '2022-11-30 20:57:18'),
(13, 3, 1, 1, 1, 4, 1, 1, 4, 30, 1, '2022-11-24 10:46:53', '2022-11-30 17:06:35'),
(14, 3, 0, 1, 2, 1, 1, 3, 4, 29, 1, '2022-11-24 10:46:53', '2022-11-30 17:06:06'),
(15, 3, 2, 0, 1, 6, 6, 3, 4, 31, 1, '2022-11-24 10:46:53', '2022-11-30 17:06:35'),
(16, 3, 2, 0, 1, 6, 3, 4, 4, 15, 1, '2022-11-24 10:46:54', '2022-11-30 17:06:06'),
(17, 3, 1, 1, 1, 4, 6, 5, 5, 24, 1, '2022-11-24 10:55:52', '2022-12-01 20:56:48'),
(18, 3, 2, 0, 1, 6, 4, 3, 5, 27, 1, '2022-11-24 10:55:52', '2022-12-01 20:56:09'),
(19, 3, 1, 1, 1, 4, 9, 3, 5, 26, 1, '2022-11-24 10:55:52', '2022-12-01 20:56:09'),
(20, 3, 1, 0, 2, 3, 3, 11, 5, 25, 1, '2022-11-24 10:55:52', '2022-12-01 20:56:48'),
(21, 3, 2, 1, 0, 7, 4, 1, 6, 32, 1, '2022-11-24 11:02:29', '2022-12-01 16:58:13'),
(22, 3, 1, 2, 0, 5, 4, 1, 6, 16, 1, '2022-11-24 11:02:29', '2022-12-01 16:57:57'),
(23, 3, 1, 1, 1, 4, 1, 2, 6, 6, 1, '2022-11-24 11:02:29', '2022-12-01 16:57:57'),
(24, 3, 0, 0, 3, 0, 2, 7, 6, 7, 1, '2022-11-24 11:02:29', '2022-12-01 16:58:13'),
(25, 3, 2, 0, 1, 6, 4, 3, 7, 23, 1, '2022-11-24 11:10:00', '2022-12-02 21:02:12'),
(26, 3, 1, 1, 1, 4, 4, 4, 7, 21, 1, '2022-11-24 11:10:00', '2022-12-02 21:01:34'),
(27, 3, 0, 1, 2, 1, 5, 8, 7, 22, 1, '2022-11-24 11:10:00', '2022-12-02 21:02:12'),
(28, 3, 2, 0, 1, 6, 3, 1, 7, 20, 1, '2022-11-24 11:10:00', '2022-12-02 21:01:34'),
(29, 3, 2, 0, 1, 6, 6, 4, 8, 19, 1, '2022-11-24 11:10:00', '2022-12-02 17:06:16'),
(30, 3, 1, 1, 1, 4, 2, 2, 8, 28, 1, '2022-11-24 11:13:26', '2022-12-02 17:06:30'),
(31, 3, 1, 0, 2, 3, 5, 7, 8, 18, 1, '2022-11-24 11:13:26', '2022-12-02 17:06:30'),
(32, 3, 1, 1, 1, 4, 4, 4, 8, 17, 1, '2022-11-24 11:13:26', '2022-12-02 17:06:16'),
(33, 1, 1, 0, 0, 3, 3, 1, 145, 2, 1, '2022-12-01 09:23:21', '2022-12-03 16:56:58'),
(34, 1, 0, 0, 1, 0, 1, 3, 145, 9, 1, '2022-12-01 09:23:21', '2022-12-03 16:56:58'),
(35, 1, 0, 0, 1, 0, 1, 2, 146, 15, 1, '2022-12-01 09:23:21', '2022-12-03 20:57:00'),
(36, 1, 1, 0, 0, 3, 2, 1, 146, 5, 1, '2022-12-01 09:23:21', '2022-12-03 20:57:00'),
(37, 1, 1, 0, 0, 3, 3, 0, 148, 8, 1, '2022-12-01 09:23:21', '2022-12-04 20:53:43'),
(38, 1, 0, 0, 1, 0, 0, 3, 148, 3, 1, '2022-12-01 09:23:21', '2022-12-04 20:53:43'),
(39, 1, 1, 0, 0, 3, 3, 1, 147, 31, 1, '2022-12-01 09:23:21', '2022-12-04 16:58:24'),
(40, 1, 0, 0, 1, 0, 1, 3, 147, 14, 1, '2022-12-01 09:23:21', '2022-12-04 16:58:24'),
(41, 1, 0, 1, 0, 1, 1, 1, 149, 27, 1, '2022-12-05 09:08:42', '2022-12-05 17:34:27'),
(42, 1, 0, 1, 0, 1, 1, 1, 149, 16, 1, '2022-12-05 09:08:42', '2022-12-05 17:34:27'),
(43, 1, 0, 1, 0, 1, 0, 0, 151, 26, 1, '2022-12-05 09:08:42', '2022-12-06 18:13:49'),
(44, 1, 0, 0, 1, 0, 1, 6, 152, 23, 1, '2022-12-05 09:08:42', '2022-12-06 20:55:17'),
(45, 1, 1, 0, 0, 3, 4, 1, 150, 20, 1, '2022-12-05 09:08:42', '2022-12-05 20:58:25'),
(46, 1, 0, 0, 1, 0, 1, 4, 150, 17, 1, '2022-12-05 09:08:42', '2022-12-05 20:58:25'),
(47, 1, 1, 0, 0, 3, 6, 1, 152, 19, 1, '2022-12-05 09:08:42', '2022-12-06 20:55:17'),
(48, 1, 0, 1, 0, 1, 0, 0, 151, 32, 1, '2022-12-05 09:08:42', '2022-12-06 18:13:49'),
(49, 1, 0, 1, 0, 1, 2, 2, 153, 5, 1, '2022-12-07 15:21:30', '2022-12-09 21:44:23'),
(50, 1, 0, 1, 0, 1, 1, 1, 154, 16, 1, '2022-12-07 15:21:30', '2022-12-09 17:36:18'),
(51, 1, 0, 1, 0, 1, 2, 2, 153, 2, 1, '2022-12-07 15:21:30', '2022-12-09 21:44:23'),
(52, 1, 0, 1, 0, 1, 1, 1, 154, 20, 1, '2022-12-07 15:21:30', '2022-12-09 17:36:18'),
(53, 1, 1, 0, 0, 3, 2, 1, 155, 31, 1, '2022-12-07 15:21:30', '2022-12-10 21:02:45'),
(54, 0, 0, 0, 0, 0, 0, 0, 156, 32, 1, '2022-12-07 15:21:30', '2022-12-07 15:21:30'),
(55, 0, 0, 0, 0, 0, 0, 0, 156, 32, 1, '2022-12-07 15:21:30', '2022-12-07 15:21:30'),
(56, 1, 0, 0, 1, 0, 1, 2, 155, 8, 1, '2022-12-07 15:21:30', '2022-12-10 21:02:45'),
(57, 1, 1, 0, 0, 3, 1, 0, 157, 32, 1, '2022-12-07 15:27:06', '2022-12-10 16:57:32'),
(58, 1, 0, 0, 1, 0, 0, 1, 157, 19, 1, '2022-12-07 15:27:06', '2022-12-10 16:57:32'),
(59, 1, 0, 0, 1, 0, 0, 3, 158, 16, 1, '2022-12-12 13:24:27', '2022-12-13 21:01:03'),
(60, 1, 1, 0, 0, 3, 2, 0, 159, 31, 1, '2022-12-12 13:24:27', '2022-12-14 20:57:42'),
(61, 1, 0, 0, 1, 0, 0, 2, 159, 32, 1, '2022-12-12 13:24:27', '2022-12-14 20:57:42'),
(62, 1, 1, 0, 0, 3, 3, 0, 158, NULL, 1, '2022-12-12 13:24:27', '2022-12-13 21:01:03'),
(63, 1, 1, 0, 0, 3, 2, 1, 160, 16, 1, '2022-12-16 16:04:33', '2022-12-17 16:55:06'),
(64, 1, 0, 1, 0, 1, 3, 3, 161, 5, 1, '2022-12-16 16:04:33', '2022-12-19 10:45:16'),
(65, 1, 0, 1, 0, 1, 3, 3, 161, 31, 1, '2022-12-16 16:04:33', '2022-12-19 10:45:16'),
(66, 1, 0, 0, 1, 0, 1, 2, 160, NULL, 1, '2022-12-16 16:04:33', '2022-12-17 16:55:06'),
(67, 0, 0, 0, 0, 0, 0, 0, 163, NULL, 1, '2022-12-23 15:04:51', '2022-12-23 15:04:51'),
(68, 0, 0, 0, 0, 0, 0, 0, 163, 579, 1, '2022-12-23 15:04:51', '2022-12-23 15:04:51'),
(69, 0, 0, 0, 0, 0, 0, 0, 164, NULL, 1, '2022-12-23 15:05:24', '2022-12-23 15:05:24'),
(70, 0, 0, 0, 0, 0, 0, 0, 164, 579, 1, '2022-12-23 15:05:24', '2022-12-23 15:05:24'),
(71, 0, 0, 0, 0, 0, 0, 0, 165, 2, NULL, '2022-12-23 15:07:07', '2022-12-23 15:07:07'),
(72, 0, 0, 0, 0, 0, 0, 0, 165, 3, NULL, '2022-12-23 15:07:07', '2022-12-23 15:07:07'),
(73, 0, 0, 0, 0, 0, 0, 0, 166, NULL, NULL, '2022-12-23 15:10:37', '2022-12-23 15:10:37'),
(74, 0, 0, 0, 0, 0, 0, 0, 166, 579, NULL, '2022-12-23 15:10:37', '2022-12-23 15:10:37'),
(75, 0, 0, 0, 0, 0, 0, 0, 167, 29, NULL, '2022-12-23 15:16:34', '2022-12-23 15:16:34'),
(76, 0, 0, 0, 0, 0, 0, 0, 167, 6, NULL, '2022-12-23 15:16:34', '2022-12-23 15:16:34'),
(77, 0, 0, 0, 0, 0, 0, 0, 168, 581, NULL, '2022-12-23 15:18:45', '2022-12-23 15:18:45'),
(78, 0, 0, 0, 0, 0, 0, 0, 168, NULL, NULL, '2022-12-23 15:18:45', '2022-12-23 15:18:45'),
(79, 0, 0, 0, 0, 0, 0, 0, 169, 583, 18, '2022-12-26 13:29:53', '2022-12-26 13:29:53'),
(80, 0, 0, 0, 0, 0, 0, 0, 169, 584, 18, '2022-12-26 13:29:53', '2022-12-26 13:29:53'),
(81, 1, 0, 0, 1, 0, 1, 3, 170, 583, 18, '2022-12-26 13:41:51', '2022-12-26 19:26:50'),
(82, 1, 1, 0, 0, 3, 3, 1, 170, 584, 18, '2022-12-26 13:41:51', '2022-12-26 19:26:50'),
(83, 1, 0, 0, 1, 0, 1, 3, 170, 587, 18, '2022-12-26 13:41:51', '2022-12-26 21:54:36'),
(84, 1, 1, 0, 0, 3, 3, 1, 170, 586, 18, '2022-12-26 13:41:51', '2022-12-26 21:54:36'),
(85, 1, 0, 0, 1, 0, 0, 2, 170, 589, 18, '2022-12-26 13:41:51', '2022-12-27 18:01:27'),
(86, 0, 0, 0, 0, 0, 0, 0, 170, 592, 18, '2022-12-26 13:41:51', '2022-12-26 13:41:51'),
(87, 1, 0, 0, 1, 0, 0, 2, 170, 591, 18, '2022-12-26 13:41:51', '2022-12-27 20:48:57'),
(88, 1, 1, 0, 0, 3, 2, 0, 170, 590, 18, '2022-12-26 13:41:51', '2022-12-27 20:48:57'),
(89, 0, 0, 0, 0, 0, 0, 0, 170, 593, 18, '2022-12-26 13:41:51', '2022-12-26 13:41:51'),
(90, 1, 1, 0, 0, 3, 2, 0, 170, 588, 18, '2022-12-26 13:41:51', '2022-12-27 18:01:27'),
(91, 0, 0, 0, 0, 0, 0, 0, 170, 596, 18, '2022-12-27 09:43:21', '2022-12-27 09:43:21'),
(92, 0, 0, 0, 0, 0, 0, 0, 170, 597, 18, '2022-12-27 09:43:21', '2022-12-27 09:43:21'),
(93, 0, 0, 0, 0, 0, 0, 0, 170, 594, 18, '2022-12-27 09:43:44', '2022-12-27 09:43:44'),
(94, 0, 0, 0, 0, 0, 0, 0, 170, 595, 18, '2022-12-27 09:43:44', '2022-12-27 09:43:44'),
(95, 1, 0, 0, 1, 0, 1, 3, 171, 592, 18, '2022-12-27 21:25:24', '2022-12-28 21:51:18'),
(96, 1, 1, 0, 0, 3, 3, 1, 171, 593, 18, '2022-12-27 21:25:24', '2022-12-28 21:51:18'),
(97, 1, 1, 0, 0, 3, 3, 1, 171, 596, 18, '2022-12-27 21:25:24', '2022-12-29 21:17:13'),
(98, 1, 0, 0, 1, 0, 1, 6, 171, 595, 18, '2022-12-27 21:25:24', '2022-12-30 06:11:46'),
(99, 1, 1, 0, 0, 3, 6, 1, 171, 594, 18, '2022-12-27 21:25:24', '2022-12-30 06:11:46'),
(100, 1, 0, 0, 1, 0, 1, 3, 171, 597, 18, '2022-12-27 21:25:24', '2022-12-29 21:17:13'),
(101, 1, 1, 0, 0, 3, 2, 1, 171, 598, 18, '2022-12-27 21:29:11', '2022-12-29 21:18:04'),
(102, 1, 0, 0, 1, 0, 1, 2, 171, 599, 18, '2022-12-27 21:29:11', '2022-12-29 21:18:04'),
(103, 0, 0, 0, 0, 0, 0, 0, 172, 600, 19, '2023-01-04 10:24:24', '2023-01-04 10:24:24'),
(104, 0, 0, 0, 0, 0, 0, 0, 172, 579, 19, '2023-01-04 10:24:24', '2023-01-04 10:24:24'),
(105, 0, 0, 0, 0, 0, 0, 0, 172, 602, 19, '2023-01-04 10:28:23', '2023-01-04 10:28:23'),
(106, 0, 0, 0, 0, 0, 0, 0, 172, 601, 19, '2023-01-04 10:28:23', '2023-01-04 10:28:23'),
(107, 0, 0, 0, 0, 0, 0, 0, 172, 603, 19, '2023-01-04 10:30:41', '2023-01-04 10:30:41'),
(108, 0, 0, 0, 0, 0, 0, 0, 172, 604, 19, '2023-01-04 10:30:41', '2023-01-04 10:30:41'),
(109, 0, 0, 0, 0, 0, 0, 0, 172, 606, 19, '2023-01-04 10:36:48', '2023-01-04 10:36:48'),
(110, 0, 0, 0, 0, 0, 0, 0, 172, 605, 19, '2023-01-04 10:36:48', '2023-01-04 10:36:48'),
(111, 3, 1, 0, 2, 3, 78, 93, 173, 10, 20, '2023-01-04 13:15:49', '2023-01-16 20:57:05'),
(112, 3, 3, 0, 0, 9, 99, 73, 173, 26, 20, '2023-01-04 13:15:49', '2023-01-16 20:57:05'),
(113, 2, 2, 0, 0, 6, 79, 49, 184, 29, 20, '2023-01-04 13:15:49', '2023-01-15 20:58:31'),
(114, 3, 3, 0, 0, 9, 102, 78, 174, 31, 20, '2023-01-04 13:15:49', '2023-01-16 20:34:52'),
(115, 3, 1, 0, 2, 3, 74, 82, 174, 14, 20, '2023-01-04 13:15:49', '2023-01-16 21:24:56'),
(116, 3, 0, 0, 3, 0, 66, 101, 174, 12, 20, '2023-01-04 13:15:49', '2023-01-16 21:24:56'),
(117, 2, 0, 2, 1, 2, 83, 85, 184, 30, 20, '2023-01-04 13:15:49', '2023-01-15 18:33:41'),
(118, 2, 1, 0, 1, 3, 59, 72, 184, 6, 20, '2023-01-04 13:15:49', '2023-01-15 18:33:41'),
(119, 3, 2, 0, 1, 6, 85, 74, 177, 19, 20, '2023-01-04 13:15:49', '2023-01-16 21:08:09'),
(120, 3, 2, 0, 1, 6, 83, 78, 176, 20, 20, '2023-01-04 13:15:49', '2023-01-16 20:35:17'),
(121, 3, 2, 0, 1, 6, 94, 94, 173, 608, 20, '2023-01-04 13:15:49', '2023-01-16 20:34:27'),
(122, 3, 2, 0, 1, 6, 96, 77, 174, 609, 20, '2023-01-04 13:15:49', '2023-01-16 20:34:52'),
(123, 2, 0, 1, 1, 1, 48, 63, 184, 610, 20, '2023-01-04 13:15:49', '2023-01-15 20:58:31'),
(124, 3, 0, 0, 3, 0, 61, 115, 176, 28, 20, '2023-01-04 13:15:49', '2023-01-16 20:57:34'),
(125, 3, 0, 0, 3, 0, 76, 105, 177, 17, 20, '2023-01-04 13:15:49', '2023-01-16 20:35:41'),
(126, 2, 0, 0, 2, 0, 40, 61, 179, 5, 20, '2023-01-04 13:15:49', '2023-01-15 21:00:40'),
(127, 2, 2, 0, 0, 6, 63, 43, 179, 2, 20, '2023-01-04 13:15:49', '2023-01-15 18:41:45'),
(128, 3, 0, 0, 3, 0, 83, 94, 173, 607, 20, '2023-01-04 13:15:49', '2023-01-16 20:34:27'),
(129, 2, 1, 0, 1, 3, 69, 61, 178, 22, 20, '2023-01-04 13:15:49', '2023-01-15 18:42:37'),
(130, 2, 2, 0, 0, 6, 65, 56, 178, 24, 20, '2023-01-04 13:15:49', '2023-01-15 18:42:37'),
(131, 2, 1, 0, 1, 3, 52, 55, 178, 4, 20, '2023-01-04 13:15:49', '2023-01-15 20:59:12'),
(132, 1, 0, 0, 1, 0, 27, 28, 180, 32, 20, '2023-01-04 13:15:49', '2023-01-13 19:31:40'),
(133, 2, 1, 0, 1, 3, 50, 67, 180, 9, 20, '2023-01-04 13:15:49', '2023-01-15 20:57:58'),
(134, 2, 1, 0, 1, 3, 62, 53, 180, 16, 20, '2023-01-04 13:15:49', '2023-01-15 20:57:58'),
(135, 3, 3, 0, 0, 9, 107, 57, 176, 611, 20, '2023-01-04 13:15:49', '2023-01-16 20:57:34'),
(136, 3, 1, 0, 2, 3, 88, 89, 176, 612, 20, '2023-01-04 13:15:49', '2023-01-16 20:35:17'),
(137, 3, 2, 0, 1, 6, 85, 82, 177, 613, 20, '2023-01-04 13:15:49', '2023-01-16 21:08:09'),
(138, 3, 2, 0, 1, 6, 96, 81, 177, 614, 20, '2023-01-04 13:15:49', '2023-01-16 20:35:41'),
(139, 2, 0, 0, 2, 0, 51, 73, 179, 616, 20, '2023-01-04 13:15:49', '2023-01-15 18:41:45'),
(140, 2, 0, 0, 2, 0, 51, 65, 178, 617, 20, '2023-01-04 13:15:49', '2023-01-15 20:59:12'),
(141, 1, 1, 0, 0, 3, 31, 22, 180, 618, 20, '2023-01-04 13:15:49', '2023-01-14 00:35:30'),
(142, 2, 2, 0, 0, 6, 71, 48, 179, 615, 20, '2023-01-04 13:15:49', '2023-01-15 21:00:40'),
(144, 0, 0, 0, 0, 0, 0, 0, 172, 620, 19, '2023-01-04 14:31:40', '2023-01-04 14:31:40'),
(145, 0, 0, 0, 0, 0, 0, 0, 172, 583, 19, '2023-01-04 14:32:16', '2023-01-04 14:32:16'),
(146, 0, 0, 0, 0, 0, 0, 0, 171, 588, 18, '2023-01-05 17:14:43', '2023-01-05 17:14:43'),
(147, 0, 0, 0, 0, 0, 0, 0, 181, 588, 18, '2023-01-05 17:22:55', '2023-01-05 17:22:55'),
(148, 0, 0, 0, 0, 0, 0, 0, 181, 593, 18, '2023-01-05 17:22:55', '2023-01-05 17:22:55'),
(149, 0, 0, 0, 0, 0, 0, 0, 182, 588, 22, '2023-01-05 17:31:55', '2023-01-05 17:31:55'),
(150, 0, 0, 0, 0, 0, 0, 0, 182, 593, 22, '2023-01-05 17:31:55', '2023-01-05 17:31:55'),
(151, 0, 0, 0, 0, 0, 0, 0, 183, 579, 23, '2023-01-06 11:04:05', '2023-01-06 11:04:05'),
(152, 1, 0, 0, 1, 0, 1, 2, 183, 598, 23, '2023-01-06 11:04:05', '2023-01-06 11:07:09'),
(153, 0, 0, 0, 0, 0, 0, 0, 183, 30, 23, '2023-01-06 11:04:05', '2023-01-06 11:04:05'),
(154, 1, 1, 0, 0, 3, 2, 1, 183, 1, 23, '2023-01-06 11:04:05', '2023-01-06 11:07:09'),
(155, 3, 0, 2, 1, 2, -2, 2, 185, 12, 21, '2023-01-06 13:20:51', '2023-01-09 18:21:43'),
(156, 3, 1, 1, 1, 4, 4, 3, 186, 4, 21, '2023-01-06 13:20:51', '2023-01-13 17:10:50'),
(157, 3, 2, 1, 0, 7, 7, 0, 185, 622, 21, '2023-01-06 13:20:51', '2023-01-13 14:56:55'),
(158, 3, 1, 3, -1, 6, 3, -2, 185, 621, 21, '2023-01-06 13:20:51', '2023-01-09 15:22:37'),
(159, 3, 0, 1, 2, 1, 2, 4, 186, 624, 21, '2023-01-06 13:20:51', '2023-01-13 17:10:50'),
(160, 3, 0, 0, 3, 0, 2, 10, 185, 623, 21, '2023-01-06 13:20:51', '2023-01-13 14:56:55'),
(161, 3, 1, 1, 1, 4, 2, 3, 186, 626, 21, '2023-01-06 13:20:51', '2023-01-13 17:11:02'),
(162, 3, 2, 1, 0, 7, 5, 3, 186, 625, 21, '2023-01-06 13:20:51', '2023-01-13 17:11:02'),
(163, 1, 1, 0, 0, 3, 1, 0, 187, 579, 24, '2023-01-06 13:53:18', '2023-01-07 19:43:10'),
(164, 1, 0, 0, 1, 0, 0, 1, 187, 629, 24, '2023-01-06 13:53:18', '2023-01-07 19:43:10'),
(165, 1, 0, 0, 1, 0, 1, 2, 187, 627, 24, '2023-01-06 13:54:06', '2023-01-07 19:43:32'),
(166, 1, 1, 0, 0, 3, 2, 1, 187, 628, 24, '2023-01-06 13:54:06', '2023-01-07 19:43:32'),
(167, 1, 0, 1, 0, 1, 2, 2, 187, 604, 24, '2023-01-06 13:57:34', '2023-01-08 21:47:41'),
(168, 1, 0, 1, 0, 1, 2, 2, 187, 632, 24, '2023-01-06 13:57:34', '2023-01-08 21:47:41'),
(169, 1, 0, 0, 1, 0, 0, 1, 187, 631, 24, '2023-01-06 13:57:52', '2023-01-08 21:56:58'),
(170, 1, 1, 0, 0, 3, 1, 0, 187, 630, 24, '2023-01-06 13:57:52', '2023-01-08 21:56:58'),
(171, 1, 1, 0, 0, 3, 2, 1, 188, 635, 24, '2023-01-09 20:52:05', '2023-01-11 20:15:17'),
(172, 2, 1, 0, 1, 3, 2, 2, 188, 597, 24, '2023-01-09 20:52:05', '2023-01-15 21:41:56'),
(173, 2, 0, 1, 1, 1, 3, 5, 188, 636, 24, '2023-01-09 20:56:05', '2023-01-14 20:07:32'),
(174, 1, 0, 1, 0, 1, 2, 2, 188, 637, 24, '2023-01-09 20:56:05', '2023-01-11 21:53:20'),
(175, 1, 1, 0, 0, 3, 2, 1, 188, 638, 24, '2023-01-11 17:19:08', '2023-01-12 21:58:43'),
(176, 1, 0, 0, 1, 0, 1, 2, 188, 588, 24, '2023-01-11 17:19:08', '2023-01-12 21:58:43'),
(177, 1, 0, 1, 0, 1, 2, 2, 188, 639, 24, '2023-01-12 11:17:17', '2023-01-12 21:45:08'),
(178, 1, 0, 1, 0, 1, 2, 2, 188, 630, 24, '2023-01-12 11:17:17', '2023-01-12 21:45:08'),
(179, 1, 1, 0, 0, 3, 2, 0, 189, 641, 25, '2023-01-12 13:09:39', '2023-01-12 18:26:02'),
(180, 1, 0, 0, 1, 0, 0, 2, 189, 640, 25, '2023-01-12 13:09:39', '2023-01-12 18:26:02'),
(181, 1, 0, 0, 1, 0, 1, 5, 188, 579, 24, '2023-01-13 14:32:30', '2023-01-14 00:31:25'),
(182, 1, 1, 0, 0, 3, 5, 1, 188, 601, 24, '2023-01-13 14:32:30', '2023-01-14 00:31:25'),
(183, 1, 1, 0, 0, 3, 2, 1, 188, 590, 24, '2023-01-13 14:42:40', '2023-01-14 14:25:32'),
(184, 1, 0, 0, 1, 0, 1, 2, 188, 593, 24, '2023-01-13 14:42:40', '2023-01-14 14:25:32'),
(185, 1, 1, 0, 0, 3, 3, 1, 188, 594, 24, '2023-01-13 14:43:30', '2023-01-14 20:07:32'),
(186, 1, 0, 0, 1, 0, 0, 2, 188, 605, 24, '2023-01-13 14:49:32', '2023-01-15 18:27:55'),
(187, 1, 1, 0, 0, 3, 2, 0, 188, 586, 24, '2023-01-13 14:49:32', '2023-01-15 18:27:55'),
(188, 1, 0, 0, 1, 0, 0, 1, 188, 598, 24, '2023-01-13 14:51:18', '2023-01-15 21:41:56'),
(189, 1, 1, 0, 0, 3, 2, 0, 188, 632, 24, '2023-01-13 14:52:04', '2023-01-15 21:41:15'),
(190, 1, 0, 0, 1, 0, 0, 2, 188, 644, 24, '2023-01-13 14:52:04', '2023-01-15 21:41:15'),
(191, 1, 1, 0, 0, 3, 2, 1, 188, 599, 24, '2023-01-13 14:52:43', '2023-01-14 23:40:52'),
(192, 1, 0, 0, 1, 0, 1, 2, 188, 643, 24, '2023-01-13 14:52:43', '2023-01-14 23:40:52'),
(193, 1, 1, 0, 0, 3, 2, 1, 190, 622, 21, '2023-01-16 11:12:40', '2023-01-16 17:30:59'),
(194, 1, 0, 0, 1, 0, 1, 2, 190, 4, 21, '2023-01-16 11:12:40', '2023-01-16 17:30:59'),
(195, 1, 0, 0, 1, 0, 0, 1, 190, 625, 21, '2023-01-16 11:12:40', '2023-01-16 20:20:02'),
(196, 1, 1, 0, 0, 3, 1, 0, 190, 621, 21, '2023-01-16 11:12:40', '2023-01-16 20:20:02'),
(197, 0, 0, 0, 0, 0, 0, 0, 191, 1, 21, '2023-01-20 14:33:37', '2023-01-20 14:33:37'),
(198, 0, 0, 0, 0, 0, 0, 0, 191, 3, 21, '2023-01-20 14:33:37', '2023-01-20 14:33:37'),
(199, 0, 0, 0, 0, 0, 0, 0, 191, 6, 21, '2023-01-20 14:33:37', '2023-01-20 14:33:37'),
(200, 0, 0, 0, 0, 0, 0, 0, 191, 27, 21, '2023-01-20 14:33:37', '2023-01-20 14:33:37'),
(201, 0, 0, 0, 0, 0, 0, 0, 191, 9, 21, '2023-01-20 14:33:37', '2023-01-20 14:33:37'),
(202, 0, 0, 0, 0, 0, 0, 0, 191, 2, 21, '2023-01-20 14:33:37', '2023-01-20 14:33:37'),
(203, 0, 0, 0, 0, 0, 0, 0, 191, 31, 21, '2023-01-20 14:33:37', '2023-01-20 14:33:37'),
(204, 0, 0, 0, 0, 0, 0, 0, 192, 3, 24, '2023-01-20 14:35:02', '2023-01-20 14:35:02'),
(205, 0, 0, 0, 0, 0, 0, 0, 192, 2, 24, '2023-01-20 14:35:02', '2023-01-20 14:35:02'),
(206, 0, 0, 0, 0, 0, 0, 0, 192, 9, 24, '2023-01-20 14:35:02', '2023-01-20 14:35:02'),
(207, 0, 0, 0, 0, 0, 0, 0, 192, 7, 24, '2023-01-20 14:35:02', '2023-01-20 14:35:02'),
(208, 0, 0, 0, 0, 0, 0, 0, 192, 24, 24, '2023-01-20 14:35:02', '2023-01-20 14:35:02'),
(209, 0, 0, 0, 0, 0, 0, 0, 192, 1, 24, '2023-01-20 14:35:02', '2023-01-20 14:35:02'),
(210, 0, 0, 0, 0, 0, 0, 0, 193, 1, 1, '2023-01-23 11:42:05', '2023-01-23 11:42:05'),
(211, 0, 0, 0, 0, 0, 0, 0, 193, 6, 1, '2023-01-23 11:42:05', '2023-01-23 11:42:05'),
(212, 0, 0, 0, 0, 0, 0, 0, 194, 1, 1, '2023-01-23 11:42:22', '2023-01-23 11:42:22'),
(213, 0, 0, 0, 0, 0, 0, 0, 194, 6, 1, '2023-01-23 11:42:22', '2023-01-23 11:42:22'),
(214, 1, 1, 0, 0, 3, 1, 0, 195, 1, 26, '2023-05-08 09:05:38', '2023-05-08 09:10:50'),
(215, 1, 0, 0, 1, 0, 0, 1, 195, 5, 26, '2023-05-08 09:05:38', '2023-05-08 09:10:50'),
(216, 1, 0, 0, 1, 0, 5, 10, 195, 19, 26, '2023-05-08 09:07:04', '2023-05-08 09:11:15'),
(217, 1, 1, 0, 0, 3, 10, 5, 195, 2, 26, '2023-05-08 09:07:04', '2023-05-08 09:11:15'),
(218, 0, 0, 0, 0, 0, 0, 0, 196, 1, 29, '2023-05-12 10:22:31', '2023-05-12 10:22:31'),
(219, 0, 0, 0, 0, 0, 0, 0, 196, 3, 29, '2023-05-12 10:22:31', '2023-05-12 10:22:31');

-- --------------------------------------------------------

--
-- Structure de la table `order_match`
--

CREATE TABLE `order_match` (
  `id` int(11) NOT NULL,
  `form` varchar(255) NOT NULL,
  `order_id` int(11) DEFAULT NULL,
  `match_id` int(11) DEFAULT NULL,
  `equipe_id` int(11) DEFAULT NULL,
  `groupe_id` int(11) DEFAULT NULL,
  `createdAt` datetime NOT NULL,
  `updatedAt` datetime NOT NULL
) ENGINE=InnoDB DEFAULT CHARSET=utf8mb4;

-- --------------------------------------------------------

--
-- Structure de la table `payments`
--

CREATE TABLE `payments` (
  `id` int(11) NOT NULL,
  `name` varchar(255) NOT NULL,
  `email` datetime DEFAULT NULL,
  `cachout` varchar(255) DEFAULT NULL,
  `numDeCheque` varchar(255) DEFAULT NULL,
  `typeDePayments` enum('espéce','chéque','virement','carte credit') NOT NULL,
  `dateEchance` datetime DEFAULT NULL,
  `nameCount` varchar(255) DEFAULT NULL,
  `numCount` varchar(255) DEFAULT NULL,
  `nameBq` varchar(255) DEFAULT NULL,
  `IBAN` varchar(255) DEFAULT NULL,
  `RIB` varchar(255) DEFAULT NULL,
  `is_payed` tinyint(1) NOT NULL DEFAULT 0,
  `commercial_id` int(11) DEFAULT NULL,
  `request_id` int(11) DEFAULT NULL,
  `createdAt` datetime NOT NULL,
  `updatedAt` datetime NOT NULL
) ENGINE=InnoDB DEFAULT CHARSET=utf8mb4;

-- --------------------------------------------------------

--
-- Structure de la table `pronostics`
--

CREATE TABLE `pronostics` (
  `id` int(11) NOT NULL,
  `equipe1` varchar(255) NOT NULL,
  `equipe2` varchar(255) NOT NULL,
  `score_duplicate` int(11) NOT NULL DEFAULT 1,
  `match_id` int(11) DEFAULT NULL,
  `employee_id` int(11) DEFAULT NULL,
  `createdAt` datetime NOT NULL,
  `updatedAt` datetime NOT NULL
) ENGINE=InnoDB DEFAULT CHARSET=utf8mb4;

-- --------------------------------------------------------

--
-- Structure de la table `pronosticsmatchs`
--

CREATE TABLE `pronosticsmatchs` (
  `id` int(11) NOT NULL,
  `point` int(11) NOT NULL,
  `diff` int(11) NOT NULL,
  `match_id` int(11) DEFAULT NULL,
  `employee_id` int(11) DEFAULT NULL,
  `createdAt` datetime NOT NULL,
  `updatedAt` datetime NOT NULL
) ENGINE=InnoDB DEFAULT CHARSET=utf8mb4;

-- --------------------------------------------------------

--
-- Structure de la table `pronostics_history`
--

CREATE TABLE `pronostics_history` (
  `id` int(11) NOT NULL,
  `equipe1` varchar(255) NOT NULL,
  `equipe2` varchar(255) NOT NULL,
  `status` enum('create','update') NOT NULL,
  `options` varchar(255) DEFAULT NULL,
  `match_id` int(11) DEFAULT NULL,
  `employee_id` int(11) DEFAULT NULL,
  `createdAt` datetime NOT NULL,
  `updatedAt` datetime NOT NULL
) ENGINE=InnoDB DEFAULT CHARSET=utf8mb4;

-- --------------------------------------------------------

--
-- Structure de la table `questionquiz`
--

CREATE TABLE `questionquiz` (
  `id` int(11) NOT NULL,
  `dateStart` datetime NOT NULL,
  `dateExpiration` datetime NOT NULL,
  `points` int(11) NOT NULL DEFAULT 1,
  `displayedQuestion` tinyint(1) NOT NULL DEFAULT 0,
  `questionDescription` varchar(255) NOT NULL,
  `type` enum('yesNo','list','multiple','oneChoice') NOT NULL,
  `QuizId` int(11) DEFAULT NULL,
  `createdAt` datetime NOT NULL,
  `updatedAt` datetime NOT NULL
) ENGINE=InnoDB DEFAULT CHARSET=utf8mb4;

--
-- Déchargement des données de la table `questionquiz`
--

INSERT INTO `questionquiz` (`id`, `dateStart`, `dateExpiration`, `points`, `displayedQuestion`, `questionDescription`, `type`, `QuizId`, `createdAt`, `updatedAt`) VALUES
(41, '2023-05-14 15:28:00', '2023-05-13 15:28:00', 2, 0, 'c\'est quoi ??', 'yesNo', NULL, '2023-05-08 15:28:58', '2023-05-08 15:28:58'),
(42, '2023-05-14 15:28:00', '2023-05-13 15:28:00', 2, 0, 'quand ?', 'yesNo', NULL, '2023-05-08 15:29:00', '2023-05-08 15:29:00'),
(43, '2023-05-14 15:28:00', '2023-05-13 15:28:00', 2, 0, 'q4', 'yesNo', NULL, '2023-05-08 15:29:07', '2023-05-08 15:29:07'),
(44, '2023-05-14 15:28:00', '2023-05-13 15:28:00', 2, 0, 'q5', 'yesNo', NULL, '2023-05-08 15:29:11', '2023-05-08 15:29:11'),
(49, '2023-05-25 09:25:00', '2023-05-25 09:25:00', 2, 0, 'unique', 'list', NULL, '2023-05-09 09:26:24', '2023-05-09 09:26:24'),
(50, '2023-05-25 09:25:00', '2023-05-25 09:25:00', 2, 0, 'quelle ???', 'oneChoice', NULL, '2023-05-09 09:26:38', '2023-05-09 09:26:38'),
(51, '2023-05-06 11:00:00', '2023-05-19 11:00:00', 2, 0, 'multiple choices', 'multiple', NULL, '2023-05-09 11:00:55', '2023-05-09 11:00:55'),
(52, '2023-05-05 11:18:00', '2023-05-18 11:18:00', 2, 0, 'juyju', 'yesNo', NULL, '2023-05-09 11:18:16', '2023-05-09 11:18:16'),
(53, '2023-05-14 09:33:00', '2023-05-18 09:33:00', 2, 0, 'oui ou nn??', 'yesNo', NULL, '2023-05-11 09:33:45', '2023-05-11 09:33:45'),
(54, '2023-05-12 10:50:00', '2023-05-11 10:50:00', 12, 0, 'quand??', 'list', NULL, '2023-05-11 10:50:57', '2023-05-11 10:50:57'),
(55, '2023-05-12 10:50:00', '2023-05-11 10:50:00', 12, 0, 'quand??', 'list', NULL, '2023-05-11 10:51:41', '2023-05-11 10:51:41'),
(56, '2023-05-12 10:50:00', '2023-05-11 10:50:00', 12, 0, 'quand??', 'list', NULL, '2023-05-11 10:52:01', '2023-05-11 10:52:01'),
(57, '2023-05-26 10:55:00', '2023-05-13 10:55:00', 2, 0, 'vf', 'yesNo', NULL, '2023-05-11 10:55:37', '2023-05-11 10:55:37'),
(58, '2023-05-20 11:03:00', '2023-06-01 11:03:00', 3, 0, 'ju', 'yesNo', NULL, '2023-05-11 11:03:13', '2023-05-11 11:03:13'),
(59, '2023-05-12 13:31:00', '2023-05-27 13:31:00', 10, 0, 'erf', 'list', NULL, '2023-05-11 13:31:21', '2023-05-11 13:31:21'),
(60, '2023-05-27 13:32:00', '2023-05-20 13:32:00', 2, 0, 'dce', 'yesNo', 13, '2023-05-11 13:32:23', '2023-05-11 13:32:23'),
(61, '2023-05-19 07:26:00', '2023-06-02 07:26:00', 6, 0, 'dede', 'list', 13, '2023-05-12 07:26:23', '2023-05-12 07:26:23'),
(62, '2023-05-13 09:52:00', '2023-05-05 09:52:00', 2, 0, 'de', 'yesNo', 13, '2023-05-12 09:52:12', '2023-05-12 09:52:12'),
(63, '2023-05-05 09:52:00', '2023-05-04 09:52:00', 2, 0, 'de', 'list', 13, '2023-05-12 09:52:37', '2023-05-12 09:52:37'),
(64, '2023-05-05 09:53:00', '2023-05-18 09:53:00', 2, 0, '222', 'yesNo', 14, '2023-05-12 09:53:46', '2023-05-12 09:53:46'),
(65, '2023-05-05 09:53:00', '2023-05-18 09:53:00', 2, 0, '222222', 'yesNo', 14, '2023-05-12 09:53:50', '2023-05-12 09:53:50');

-- --------------------------------------------------------

--
-- Structure de la table `quizs`
--

CREATE TABLE `quizs` (
  `id` int(11) NOT NULL,
  `nom` varchar(255) NOT NULL,
  `category` varchar(255) NOT NULL,
  `description` varchar(255) NOT NULL,
  `image` varchar(255) DEFAULT NULL,
  `isDisplayedByPartner` tinyint(1) NOT NULL DEFAULT 0,
  `createdAt` datetime NOT NULL,
  `updatedAt` datetime NOT NULL
) ENGINE=InnoDB DEFAULT CHARSET=utf8mb4;

--
-- Déchargement des données de la table `quizs`
--

INSERT INTO `quizs` (`id`, `nom`, `category`, `description`, `image`, `isDisplayedByPartner`, `createdAt`, `updatedAt`) VALUES
(13, 'siwar', 'siwar', 'siwar', 'file-1683811928429.PNG', 0, '2023-05-11 13:32:08', '2023-05-11 13:32:08'),
(14, '2', '2', '2', 'file-1683885209689.PNG', 0, '2023-05-12 09:53:29', '2023-05-12 09:53:29');

-- --------------------------------------------------------

--
-- Structure de la table `requestcashout`
--

CREATE TABLE `requestcashout` (
  `id` int(11) NOT NULL,
  `MtCashout` varchar(255) DEFAULT NULL,
  `commercial_id` int(11) DEFAULT NULL,
  `createdAt` datetime NOT NULL,
  `updatedAt` datetime NOT NULL
) ENGINE=InnoDB DEFAULT CHARSET=utf8mb4;

-- --------------------------------------------------------

--
-- Structure de la table `responsequiz`
--

CREATE TABLE `responsequiz` (
  `id` int(11) NOT NULL,
  `response` varchar(255) NOT NULL,
  `isCorrectAnswer` tinyint(1) NOT NULL DEFAULT 0,
  `questionId` int(11) DEFAULT NULL,
  `createdAt` datetime NOT NULL,
  `updatedAt` datetime NOT NULL
) ENGINE=InnoDB DEFAULT CHARSET=utf8mb4;

--
-- Déchargement des données de la table `responsequiz`
--

INSERT INTO `responsequiz` (`id`, `response`, `isCorrectAnswer`, `questionId`, `createdAt`, `updatedAt`) VALUES
(1, 'Yes', 1, 62, '2023-05-12 09:52:12', '2023-05-12 09:52:12'),
(2, '\"ss\"', 1, 63, '2023-05-12 09:52:37', '2023-05-12 09:52:37'),
(3, '\"dddd\"', 0, 63, '2023-05-12 09:52:37', '2023-05-12 09:52:37'),
(4, 'Yes', 1, 64, '2023-05-12 09:53:46', '2023-05-12 09:53:46'),
(5, 'Yes', 1, 65, '2023-05-12 09:53:50', '2023-05-12 09:53:50');

-- --------------------------------------------------------

--
-- Structure de la table `score`
--

CREATE TABLE `score` (
  `id` int(11) NOT NULL,
  `equipe1` varchar(255) NOT NULL,
  `equipe2` varchar(255) NOT NULL,
  `match_id` int(11) DEFAULT NULL
) ENGINE=InnoDB DEFAULT CHARSET=utf8mb4;

-- --------------------------------------------------------

--
-- Structure de la table `scorequizz`
--

CREATE TABLE `scorequizz` (
  `id` int(11) NOT NULL,
  `score` int(11) NOT NULL,
  `userId` int(11) NOT NULL,
  `quizId` int(11) NOT NULL
) ENGINE=InnoDB DEFAULT CHARSET=utf8mb4;

--
-- Déchargement des données de la table `scorequizz`
--

INSERT INTO `scorequizz` (`id`, `score`, `userId`, `quizId`) VALUES
(2, 1, 67, 14);

-- --------------------------------------------------------

--
-- Structure de la table `settings`
--

CREATE TABLE `settings` (
  `id` int(11) NOT NULL,
  `prixUsers` varchar(255) DEFAULT NULL,
  `createdAt` datetime NOT NULL,
  `updatedAt` datetime NOT NULL
) ENGINE=InnoDB DEFAULT CHARSET=utf8mb4;

-- --------------------------------------------------------

--
-- Structure de la table `solde`
--

CREATE TABLE `solde` (
  `id` int(11) NOT NULL,
  `solde` int(11) DEFAULT NULL,
  `action` enum('add','remove','') NOT NULL,
  `partner_id` int(11) DEFAULT NULL,
  `employee_id` int(11) DEFAULT NULL,
  `createdAt` datetime NOT NULL,
  `updatedAt` datetime NOT NULL
) ENGINE=InnoDB DEFAULT CHARSET=utf8mb4;

-- --------------------------------------------------------

--
-- Structure de la table `totalpronostics`
--

CREATE TABLE `totalpronostics` (
  `id` int(11) NOT NULL,
  `point` int(11) DEFAULT NULL,
  `diff` int(11) DEFAULT NULL,
  `event_id` int(11) DEFAULT NULL,
  `employee_id` int(11) DEFAULT NULL,
  `createdAt` datetime NOT NULL,
  `updatedAt` datetime NOT NULL
) ENGINE=InnoDB DEFAULT CHARSET=utf8mb4;

-- --------------------------------------------------------

--
-- Structure de la table `user`
--

CREATE TABLE `user` (
  `id` int(11) NOT NULL,
  `email` varchar(255) NOT NULL,
  `password` varchar(255) DEFAULT NULL,
  `role` enum('admin','partner','employee') NOT NULL,
  `is_active` tinyint(1) NOT NULL DEFAULT 0,
  `company_id` int(11) DEFAULT NULL,
  `commercial_id` varchar(255) DEFAULT NULL,
  `commercial_user` int(11) DEFAULT NULL,
  `password_token` varchar(255) DEFAULT NULL,
  `createdAt` datetime NOT NULL,
  `updatedAt` datetime NOT NULL
) ENGINE=InnoDB DEFAULT CHARSET=utf8;

--
-- Déchargement des données de la table `user`
--

INSERT INTO `user` (`id`, `email`, `password`, `role`, `is_active`, `company_id`, `commercial_id`, `commercial_user`, `password_token`, `createdAt`, `updatedAt`) VALUES
(1, 'karim.khouja@wind.com', '$2b$10$mc5EyTZgrwnW7u7paTQaXeUSwyRTIUs1SIlrDzAKwmRzmC0OxvyRm', 'admin', 1, 1, NULL, NULL, NULL, '2022-11-01 13:47:13', '2022-11-01 13:47:13'),
(2, 'partner@wind.com', '$2b$10$mc5EyTZgrwnW7u7paTQaXeUSwyRTIUs1SIlrDzAKwmRzmC0OxvyRm', 'partner', 1, 2, NULL, NULL, NULL, '2022-11-01 14:48:06', '2023-01-04 13:41:49'),
(4, 'nour@wind.com', '$2b$10$h34A9/.ThI726AU24DuEme/fnxqv/EpfPctKL0sabLwA6/JPIhi/u', 'employee', 0, 2, NULL, NULL, NULL, '2022-11-01 14:51:41', '2023-01-04 13:41:49'),
(5, 'ibrahim@wind.com', '$2b$10$mc5EyTZgrwnW7u7paTQaXeUSwyRTIUs1SIlrDzAKwmRzmC0OxvyRm', 'employee', 1, 2, NULL, NULL, NULL, '2022-11-01 14:51:41', '2023-05-08 09:01:57'),
(6, 'hatem@wind.com', '$2b$10$h34A9/.ThI726AU24DuEme/fnxqv/EpfPctKL0sabLwA6/JPIhi/u', 'employee', 0, 2, NULL, NULL, NULL, '2022-11-01 14:51:41', '2023-01-04 13:41:49'),
(7, 'rania@wind.com', '$2b$10$h34A9/.ThI726AU24DuEme/fnxqv/EpfPctKL0sabLwA6/JPIhi/u', 'employee', 0, 2, NULL, NULL, NULL, '2022-11-04 15:18:18', '2023-01-04 13:41:49'),
(8, 'wael@wind.com', '$2b$10$h34A9/.ThI726AU24DuEme/fnxqv/EpfPctKL0sabLwA6/JPIhi/u', 'employee', 0, 2, NULL, NULL, NULL, '2022-11-04 15:18:18', '2023-01-04 13:41:49'),
(9, 'fares@wind.com', '$2b$10$h34A9/.ThI726AU24DuEme/fnxqv/EpfPctKL0sabLwA6/JPIhi/u', 'employee', 0, 2, NULL, NULL, NULL, '2022-11-04 15:18:19', '2023-01-04 13:41:49'),
(10, 'mohamed@wind.com', '$2b$10$h34A9/.ThI726AU24DuEme/fnxqv/EpfPctKL0sabLwA6/JPIhi/u', 'employee', 0, 2, NULL, NULL, NULL, '2022-11-04 15:18:19', '2023-01-04 13:41:49'),
(11, 'amine@wind.com', '$2b$10$h34A9/.ThI726AU24DuEme/fnxqv/EpfPctKL0sabLwA6/JPIhi/u', 'employee', 0, 2, NULL, NULL, NULL, '2022-11-04 15:18:19', '2023-01-04 13:41:49'),
(23, 'souki.hatem@gmail.com', '$2b$10$ic9LZjQ/ALxsRUKgAN1mWeyuPNb0c7yKo31/REzF413oWcQHBa.7a', 'partner', 0, 6, NULL, NULL, 'eyJhbGciOiJIUzI1NiIsInR5cCI6IkpXVCJ9.eyJpZCI6MjMsImlhdCI6MTY2ODExNTUxMCwiZXhwIjoxNjY4MTE1NTcwfQ.GJdapMOjBWeSnIK06eyOSPxNzCoRSaFq1omvWD-y8UA', '2022-11-10 21:15:30', '2023-01-04 13:41:51'),
(24, 'hatem.souki290@gmail.com', '$2b$10$sofJ2dJ5.z0nJtVSzWATkOF09NNpGnODC6RPOr4wyqB2x3V8uANWm', 'employee', 0, 6, NULL, NULL, NULL, '2022-11-10 21:31:21', '2023-01-04 13:41:51'),
(25, 'Test@gmail.com', '$2b$10$78LNOH167vh6bCQYrhvfU.bu2ByxatYhbOLMuSNYqj6yy26P3CCAG', 'employee', 0, 6, NULL, NULL, NULL, '2022-11-10 21:31:21', '2023-01-04 13:41:51'),
(26, 'mwmedini@worldsoftgroup.com', '$2b$10$xEG9f2Eb54SdDGnh1scnRuQzr8.Jr4l9R67lwWO6HHdw1A9NeI8dC', 'partner', 1, 7, NULL, NULL, NULL, '2022-11-15 12:19:56', '2022-11-16 09:55:43'),
(27, 'brahmi.wissem@worldsoftgroup.com', '$2b$10$v.GnXRUDxDGopQrAl5XGQeIUtzEx.Y6RtOrgHrsSoX51QydGbkFUK', 'employee', 1, 7, NULL, NULL, NULL, '2022-11-16 09:56:38', '2022-11-16 09:58:02'),
(28, 'h.ayouni@worldsoftgroup.com', '$2b$10$bD7lIiKt9MvRZFGMh6o5t.K2Rk2CbAjW9vf6A48gHg3ZwQ.ILr4I6', 'employee', 1, 7, NULL, NULL, NULL, '2022-11-16 09:57:54', '2022-11-16 09:57:54'),
(29, 'm.bjeoui@worldsoftgroup.com', '$2b$10$celyh8nEC8wvpZPZ/Q58K.5MBPAf2gekEJMXiRGju0GasIZFUE/cy', 'employee', 1, 7, NULL, NULL, NULL, '2022-11-16 10:02:48', '2022-11-16 10:02:48'),
(30, 'agannari@worldsoftgroup.com', '$2b$10$P.ilzRDBrMKqpFVfqza4lO.KGdFa3ivvXF0RVthN4M2tdXmJPKZhy', 'employee', 1, 7, NULL, NULL, NULL, '2022-11-16 10:03:14', '2022-11-16 10:03:14'),
(31, 'a.nammouchi@worldsoftgroup.com', '$2b$10$OFN2GD3WYZyvNCUX9fX3pu7sjjqimfYZ7AhLssqaDdsxTOEUk2MH6', 'employee', 1, 7, NULL, NULL, NULL, '2022-11-16 10:05:40', '2022-11-24 15:00:44'),
(32, 'finance@worldsoftgroup.com', '$2b$10$vC01g0y0y1XQQTYEYqu5C.a/2MDQdiw9T74mE3t8IHG/BHv5mx0IO', 'employee', 1, 7, NULL, NULL, NULL, '2022-11-16 10:25:16', '2022-11-16 10:25:16'),
(33, 'bh.malak@worldsoftgroup.com', '$2b$10$o4nTwtkYyrP/Ip6FYF.KQuTIwZ0YIlqE8RLyy7n730knHkL2RV6f6', 'employee', 1, 7, NULL, NULL, NULL, '2022-11-16 10:26:40', '2022-11-16 10:26:40'),
(34, 'sirineayoub.ayoub@gmail.com', '$2b$10$zamdnYBJ9xHFWjUbpwvMtuWdbmMQDf19WjDa.7dzEgAnbo2u8Nsdy', 'employee', 1, 7, NULL, NULL, NULL, '2022-11-16 10:27:47', '2022-11-16 10:27:47'),
(35, 'touhamikoussai95@gmail.com', '$2b$10$VXEPMYqdqVid33rP6jIYXOHlMopFZ14vgFAV.u4kllL9BGejpcisW', 'employee', 1, 7, NULL, NULL, NULL, '2022-11-16 10:28:37', '2022-11-16 10:28:37'),
(36, 's.emna@worldsoftgroup.com', '$2b$10$Toj8TZmxwKd02mAjwi2iruDLhTFCiVtsNVk9RNpkoojToFtXsCi8m', 'employee', 1, 7, NULL, NULL, NULL, '2022-11-16 10:29:42', '2022-11-16 10:29:42'),
(37, 'h.mariem@worldsoftgroup.com', '$2b$10$2fyA3cqeIB6.kugrQGEfI.tUpGBn9rq5rGswl.TI88HFnU1aUB.W2', 'employee', 1, 7, NULL, NULL, NULL, '2022-11-16 10:30:17', '2022-11-16 10:30:17'),
(38, 'a.ghannouchi@worldsoftgroup.com', '$2b$10$PtdSnZ5/Gu68VE/3WGG4buA9Vx5kgoVdgQckFxrNIS8x17cObaXW6', 'employee', 1, 7, NULL, NULL, NULL, '2022-11-16 10:31:51', '2022-11-16 10:31:51'),
(39, 'e.akkari@worldsoftgroup.com', '$2b$10$cMFfjPLqtNDXb50SY.5Yb.JsaKlkHY5bOZD17uF4dmdCal2Y14djC', 'employee', 1, 7, NULL, NULL, NULL, '2022-11-16 10:36:20', '2022-11-16 10:36:20'),
(40, 'issam.souissi@worldsoftgroup.com', '$2b$10$SId7aAgrUy6CdnnG0w5liOuyn5pBb59bjNF/sihFCMRAe40jaDPPC', 'employee', 1, 7, NULL, NULL, NULL, '2022-11-16 10:36:54', '2022-11-16 10:36:54'),
(41, 'f.gnaoui@worldsoftgroup.com', '$2b$10$devm2Z5urh4tA/DMBSAbnu9kOL2pHL1uew9til0xBKNDLEZ/eYs.2', 'employee', 1, 7, NULL, NULL, NULL, '2022-11-16 10:37:37', '2022-11-16 10:37:37'),
(42, 's.achour@worldsoftgroup.com', '$2b$10$N7Vg2I54UabUdrM0y2cC5uqtNz.Ln./0CvZrkk9q7mFXPr/d0jg7q', 'employee', 1, 7, NULL, NULL, NULL, '2022-11-16 10:39:06', '2022-11-16 10:39:06'),
(43, 'f.korbi@worldsoftgroup.com', '$2b$10$8LsdjWUg2ofKa2Isdqa2J./42ng6FgaL3WeZJn07YCZCKdT3/W/1i', 'employee', 1, 7, NULL, NULL, NULL, '2022-11-16 10:41:10', '2022-11-16 10:41:10'),
(44, 'hr2908116@gmail.com', '$2b$10$SR9kSoFmUGv0pVzrP3rwz.bFbCdcnFsltoSN9ZM0INVoymQKG/cvW', 'employee', 1, 7, NULL, NULL, NULL, '2022-11-16 10:44:12', '2022-11-16 10:44:12'),
(45, 'wael.benyoussef@gmail.com', '$2b$10$bxjLjbAomwQhyQd9VgGV1O/00G7mOh0gMO/9esc7hWuEIxrtAYgGi', 'partner', 0, 8, NULL, NULL, NULL, '2022-11-16 17:22:44', '2023-01-04 13:41:58'),
(46, 'rafik@redpepper.tn', '$2b$10$h7N8PO0cW7j7DyZMPbc3X.v79JeosKpDy0Qn54K8MCQ83EkD5tMD.', 'partner', 0, 9, NULL, NULL, NULL, '2022-11-17 07:24:41', '2023-01-04 13:42:01'),
(47, 'oucema@redpepper.tn', '$2b$10$Z69SZmmt9ZpiZiZF5vO3teheBLlahs/Abdi/uSJyNFF.3jaHZVe1u', 'employee', 0, 9, NULL, NULL, NULL, '2022-11-17 08:13:13', '2023-01-04 13:42:01'),
(48, 'Mohamed@accessteam.tn ', '$2b$10$X5ux3hZoZqvnCHhslc28beAz4ZAH9QKOSSvVpIEp4Lg.bx/MA7UJ.', 'employee', 0, 9, NULL, NULL, NULL, '2022-11-17 08:13:14', '2023-01-04 13:42:01'),
(49, 'mahdi@redpepper.tn', '$2b$10$tis.DQCpjOxMJzmzkeSXoepbpuMq49NY5Zk91ThUObPT00LdUDYqK', 'employee', 0, 9, NULL, NULL, NULL, '2022-11-17 08:13:14', '2023-01-04 13:42:01'),
(50, 'feryel@a2efoot.com ', '$2b$10$C0xyLfQGH6Q7BimuYIMk3OTpPEAgvsOH/IVZ9Z7AFexCa7mD87dJ6', 'employee', 0, 9, NULL, NULL, NULL, '2022-11-17 08:13:14', '2023-01-04 13:42:01'),
(51, 'myriam@a2efoot.com ', '$2b$10$Ntb6BTpa9wyhfhm0eFcu1OsvvfXLYpkn6gLYM9kWs.zVq0KW/oNzi', 'employee', 0, 9, NULL, NULL, NULL, '2022-11-17 08:13:14', '2023-01-04 13:42:01'),
(52, 'nawel@redpepper.tn ', '$2b$10$uOXF/PJSbly1OpGCBm9GMOwl/fIXfpCAxjPd8oCy.p5ht0xKX1mHi', 'employee', 0, 9, NULL, NULL, NULL, '2022-11-17 08:13:14', '2023-01-04 13:42:01'),
(53, 'alya@redpepper.tn ', '$2b$10$QNYYV48984BU6UAgvYPd1.oeUn0hCT8VqNO/BOUeykLxj3FpuivEC', 'employee', 0, 9, NULL, NULL, NULL, '2022-11-17 08:13:14', '2023-01-04 13:42:01'),
(54, 'nourhene@a2efoot.com ', '$2b$10$.mC5SRfvDlylsaxOFRqasuvmHU/krU.d63wFtUtp3k/hCwYo6APRe', 'employee', 0, 9, NULL, NULL, NULL, '2022-11-17 08:13:14', '2023-01-04 13:42:01'),
(55, 'mohamed-arafet@accessteam.tn ', '$2b$10$fBZNPjEmTsY5gLe299.Xk.gGK7XSDHKKOMDqMNbtAMg0yII5dtT66', 'employee', 0, 9, NULL, NULL, NULL, '2022-11-17 08:13:14', '2023-01-04 13:42:01'),
(56, 'bochra@redpepper.tn ', '$2b$10$jqXVzOCraN64ud5rRx53U.gup0yjRBg8g9RnxYTCvBVFRAgrwPNHu', 'employee', 0, 9, NULL, NULL, NULL, '2022-11-17 08:13:14', '2023-01-04 13:42:01'),
(57, 'zeineb@a2efoot.com ', '$2b$10$8StkCoU.7ReuASR69dy3Tec1tXUCxQHPeyRgg7yMOG4.81RtMyfEG', 'employee', 0, 9, NULL, NULL, NULL, '2022-11-17 08:13:14', '2023-01-04 13:42:01'),
(58, 'agerbi@a2efoot.com ', '$2b$10$SXQUx9qOYzQG7z62GFLuYuAfLlej.h89C6gr2w/fXRPzAjXAZsGWy', 'employee', 0, 9, NULL, NULL, NULL, '2022-11-17 08:13:14', '2023-01-04 13:42:01'),
(59, 'mehdi.dactylo@gmail.com ', '$2b$10$AkG13xwy1wy0AZn4CvMecOKzqxpG6U1wiT.cqDOuqCMKAErRUAi6q', 'employee', 0, 9, NULL, NULL, NULL, '2022-11-17 08:13:14', '2023-01-04 13:42:01'),
(60, 'jomni.amine@a2efoot.com ', '$2b$10$1uakv4SxxTyxJNhstxF9c.dnU9bKKcrYZIXqiYwEoi41JXL3ArQuC', 'employee', 0, 9, NULL, NULL, NULL, '2022-11-17 08:13:14', '2023-01-04 13:42:01'),
(61, 'imed@a2efoot.com ', '$2b$10$zz60/crO2gt9/Bksy84/gusvS22qn6TlESVNW3iIdNdwj6rgXAtgS', 'employee', 0, 9, NULL, NULL, NULL, '2022-11-17 08:13:14', '2023-01-04 13:42:01'),
(62, 'mgh@redpepper.tn', '$2b$10$Tk//e260jojXurf6SGTWnOJ.aZ3AaOEiT.QcNlLJuHsok1iAsdCZW', 'employee', 0, 9, NULL, NULL, NULL, '2022-11-17 08:14:31', '2023-01-04 13:42:01'),
(63, 'mahdiboudaya12@gmail.com', '$2b$10$o76hpUg6NWDWDv2E8E9ziORA81Wef4lBaUhdD7h5JY7ooaKB5pBmy', 'employee', 0, 9, NULL, NULL, NULL, '2022-11-17 08:15:06', '2023-01-04 13:42:01'),
(64, 'direction@wind-consulting-tunisia.com', '$2b$10$h34A9/.ThI726AU24DuEme/fnxqv/EpfPctKL0sabLwA6/JPIhi/u', 'partner', 1, 10, NULL, NULL, 'eyJhbGciOiJIUzI1NiIsInR5cCI6IkpXVCJ9.eyJpZCI6NjQsImlhdCI6MTY2ODc5MzgzMywiZXhwIjoxNjY4NzkzODkzfQ.YWEOwoUExIrmv6JeVWIYAfDgyqrNEc5jpdFNiYcmCp4', '2022-11-17 18:13:00', '2022-11-18 17:50:33'),
(65, 'Administration@wind-consulting-tunisia.com', '$2b$10$k6RgbCtnhIVMcamjlQB.0uNDCuCnjljTHQh4msm6F2eAU38TbcUTy', 'employee', 1, 10, NULL, NULL, NULL, '2022-11-17 18:30:09', '2022-11-17 18:30:09'),
(66, 'karimkhouja@gmail.com', '$2b$10$tRE/Jk2oW5F2WjTmaKe.NOCFjrSreILgxHNryTadsh4dKfW.pQah2', 'employee', 1, 10, NULL, NULL, NULL, '2022-11-17 18:34:19', '2022-11-20 10:29:34'),
(67, 'Hatem.souki@wind-consulting-tunisia.com', '$2b$10$mc5EyTZgrwnW7u7paTQaXeUSwyRTIUs1SIlrDzAKwmRzmC0OxvyRm', 'employee', 1, 10, NULL, NULL, 'eyJhbGciOiJIUzI1NiIsInR5cCI6IkpXVCJ9.eyJpZCI6NjcsImlhdCI6MTY2OTAxNzI5OCwiZXhwIjoxNjY5MDE3MzU4fQ.7u2Y7_SOujKfrhmW7iJmcB7xr5Nn_59UhoYwlks_NUM', '2022-11-17 18:39:28', '2022-11-24 21:38:53'),
(68, 'Amin.blel@wind-consulting-tunisia.com', '$2b$10$nP.qb1lBk.7P1iwbLxZztOiLWGbDiY3PamNu.GQtWUj4sdMZ9xVym', 'employee', 0, 10, NULL, NULL, NULL, '2022-11-17 18:40:00', '2022-11-18 09:51:07'),
(69, 'Nawress.brigui@wind-consulting-tunisia.com', '$2b$10$6Su5DsW/jrlNcbPKfYRfUugwwDP2rHXmhu3UKwe16FHD2aicmYEjy', 'employee', 1, 10, NULL, NULL, NULL, '2022-11-17 18:41:40', '2022-11-17 18:41:40'),
(70, 'amine.blel@wind-consulting-tunisia.com', '$2b$10$PBCXs8rpwjj2NPudfUickuuZC8sGy8GZDop.pV2lUapwOWcQIN4SG', 'employee', 1, 10, NULL, NULL, NULL, '2022-11-18 09:51:03', '2022-11-18 09:51:03'),
(71, 'fahed.brahim@wind-consulting-tunisia.com', '$2b$10$tAaJBU70P6nEm93SEXiVkOD5jz9.yiGhLB9QFprr9BA2zavmRhRXW', 'employee', 1, 10, NULL, NULL, NULL, '2022-11-18 09:52:11', '2022-11-18 09:52:11'),
(72, 'fares.snene@wind-consulting-tunisia.com', '$2b$10$ZhCsnpXBuEMta9RnkI7SHe9.JKB6N4Vfhgmg4J4JWFb46nNE6nfPa', 'employee', 1, 10, NULL, NULL, NULL, '2022-11-18 09:52:11', '2022-11-18 09:52:11'),
(73, 'ghada.dhif@wind-consulting-tunisia.com', '$2b$10$2iQW592S/NBCggS8gvSOPOP2U1amIm4paldytA9ew.ow41qcJjgEq', 'employee', 1, 10, NULL, NULL, NULL, '2022-11-18 09:52:11', '2022-11-21 09:56:04'),
(74, 'hassen.farhat@wind-consulting-tunisia.com', '$2b$10$L2YUnflvLfNXAgN23NL1.OFTFhmBOJ8OjR15/.YaH/N2EFlWljYg2', 'employee', 1, 10, NULL, NULL, NULL, '2022-11-18 09:52:43', '2022-11-18 09:52:43'),
(75, 'hiba.attia@wind-consulting-tunisia.com', '$2b$10$Hg2kExWLn5wRpHF829lMn.HcYGeM6gyNUPEgGamoVaFyKwmBNk/Ny', 'employee', 1, 10, NULL, NULL, NULL, '2022-11-18 09:53:15', '2022-11-18 09:53:15'),
(76, 'hichembenjomaa@wind-consulting-tunisia.com', '$2b$10$eTBQGn6Wgu.flmAvIwP/nOgv7FfpOD4TvNcyVWceqax56I/FvJTOG', 'employee', 1, 10, NULL, NULL, NULL, '2022-11-18 09:54:03', '2022-11-18 10:08:12'),
(77, 'ibrahim.khouaja@wind-consulting-tunisia.com', '$2b$10$Hrf93CKDkmRaD6ZU79GT4..pOYsMUtF08Sxb24B1jIrOiTDfqHSi2', 'employee', 1, 10, NULL, NULL, NULL, '2022-11-18 09:54:03', '2022-11-18 14:25:00'),
(78, 'mohamed.maaref@wind-consulting-tunisia.com', '$2b$10$uqeiEIN55aI57lOqjm1vJORoFG.7MqfoQKkLTSPzPFPN6G.bY.WCq', 'employee', 1, 10, NULL, NULL, NULL, '2022-11-18 09:54:03', '2022-11-18 09:54:03'),
(79, 'nour.helouani@wind-consulting-tunisia.com', '$2b$10$pkiZwqiae5SfsYvxzYsC.OmoM9CNJT6MqnCPlU.6VGQg870gZDOlq', 'employee', 1, 10, NULL, NULL, NULL, '2022-11-18 09:55:41', '2022-11-18 09:55:41'),
(80, 'nourdallel@wind-consulting-tunisia.com', '$2b$10$h34A9/.ThI726AU24DuEme/fnxqv/EpfPctKL0sabLwA6/JPIhi/u', 'employee', 1, 10, NULL, NULL, NULL, '2022-11-18 09:55:41', '2022-11-18 15:05:07'),
(81, 'oumaima.bouji@wind-consulting-tunisia.com', '$2b$10$aeB2wWV2g7uN.Udjo5.Xf.kHrY5.yI2ciAMyhq4S/iCfx/grTsxx2', 'employee', 1, 10, NULL, NULL, NULL, '2022-11-18 09:55:41', '2022-11-18 09:55:41'),
(82, 'rania.chakir@wind-consulting-tunisia.com', '$2b$10$hvNjdcXMhD3DKKDYDKs/8es06ryl/LpTervH.0A57DeItNEBRQfy2', 'employee', 1, 10, NULL, NULL, NULL, '2022-11-18 09:55:41', '2022-11-18 09:55:41'),
(83, 'rania.chekir@wind-consulting-tunisia.com', '$2b$10$xWE67bWb/8WtMoIe8hTtu.sjTnePbQMCPfzQq7UREHGaABDG.FUiy', 'employee', 1, 10, NULL, NULL, NULL, '2022-11-18 10:08:19', '2022-11-18 10:08:19'),
(84, 'siwar.bougrine@wind-consulting-tunisia.com', '$2b$10$CVC4i/Locb/hqVIPEOr8i.F3QVz.N95syqEtFXx8si0QJ2nrXGkWO', 'employee', 1, 10, NULL, NULL, NULL, '2022-11-18 10:08:29', '2022-11-18 10:08:29'),
(85, 'wael.boussoffara@wind-consulting-tunisia.com', '$2b$10$rSPpzi7Curfha98p7TEKc.9Xe7sR3VblIl3C9LPAtp4QZAbugWVVS', 'employee', 1, 10, NULL, NULL, NULL, '2022-11-18 10:09:00', '2023-01-16 12:41:20'),
(86, 'souha.oummezine@wind-consulting-tunisia.com', '$2b$10$usm6o1uTsWvhWrHIBtljQOpKMuyQQy2gRFCXJxF2Ntrkz93jPEyT6', 'employee', 1, 10, NULL, NULL, NULL, '2022-11-18 10:09:00', '2022-11-18 10:09:00'),
(87, 'wassim.racheh@wind-consulting-tunisia.com', '$2b$10$Q8KNMMXIp820jirZv/y15.t7YcVL5ZPonjvFkzVfR1MbrlRHY.BE2', 'employee', 1, 10, NULL, NULL, NULL, '2022-11-18 10:09:00', '2022-11-18 10:09:00'),
(88, 'triahi1@gmail.com', '$2b$10$mxZMH/pXFZnnIchiJ2k8du5HDCZvq9xmxtvQsBWkoWScMiVy08.gu', 'partner', 1, 11, NULL, NULL, NULL, '2022-11-18 17:58:50', '2022-11-20 09:46:38'),
(89, 'Akreeeemba@gmail.com', '$2b$10$5CFboD4uwzOTIiHMCquGu.WrCCj0nVej7Z34h05t4CbaslJZQfy4e', 'employee', 0, 11, NULL, NULL, NULL, '2022-11-18 19:12:44', '2022-11-20 10:25:40'),
(90, 'Bessemb12212@gmail.com', '$2b$10$Mh2Wr9R2Xpv0ow/YCbgbdOyCLqNRnFC2.X0hR0Mj40NJVwlKoikVm', 'employee', 1, 11, NULL, NULL, NULL, '2022-11-18 19:12:44', '2022-11-18 19:18:44'),
(91, 'ijomaa3@gmail.com', '$2b$10$4vSR6xaIg8S4f72i36sgmuxCj8/wWig4mZ9QMeLZUKgO3YWr2Ptce', 'employee', 1, 11, NULL, NULL, NULL, '2022-11-18 19:12:44', '2022-11-21 19:13:15'),
(92, 'Jomaamohamedsadok0@gmail.com', '$2b$10$bMHVP5V1G/hgQHcGDLZ0P.YWS9KPy6FUEpN6BrhQNIWwKeB8uXAr6', 'employee', 1, 11, NULL, NULL, NULL, '2022-11-18 19:26:45', '2022-12-16 11:14:40'),
(93, 'Zouairadhi99@gmail.com', '$2b$10$tcZyAOkyBaVwigiIabZcm.Rd9NWb/VRLGiwEUEYnPwG0pNwHxz2b2', 'employee', 1, 11, NULL, NULL, NULL, '2022-11-18 19:26:45', '2022-11-18 19:26:45'),
(94, 'Chihebfkih13@gmail.com', '$2b$10$FFe6ldx7GRkpJ3OZfrQFhujc9n0AhxqZCoRiuH0YMes0EPF2AkIEm', 'employee', 1, 11, NULL, NULL, NULL, '2022-11-18 19:43:40', '2022-11-26 11:11:52'),
(95, 'sana.ziane@gmail.com', '$2b$10$FFe6ldx7GRkpJ3OZfrQFhujc9n0AhxqZCoRiuH0YMes0EPF2AkIEm', 'employee', 1, 10, NULL, NULL, NULL, '2022-11-20 09:31:33', '2022-11-20 10:22:55'),
(96, 'akreemba@gmail.com', '$2b$10$M90wgyE2fYeg/qAsqFnj4uF5CBwhpg7Cjp.2Elir49IpAIjnE3V0O', 'employee', 1, 11, NULL, NULL, NULL, '2022-11-20 10:25:37', '2022-11-20 10:25:37'),
(97, 't.chaabane@worldsoftgroup.com', '$2b$10$Ir52i8THIrSV0fF4cC7FAuMxafLbV4iYfrD34H7ZQoMOYJiEYqY9W', 'employee', 1, 7, NULL, NULL, NULL, '2022-11-20 10:56:16', '2022-11-20 11:02:33'),
(98, 'walid.medini@gmail.com', '$2b$10$VTtFvnbKSy7LjnaxivMOouA1FEQzFwSNfqTpoBXu39QvklZByLZ3.', 'employee', 1, 7, NULL, NULL, NULL, '2022-11-21 12:20:00', '2022-11-24 16:03:23'),
(99, 'omar@wind.com', '$2b$10$FFe6ldx7GRkpJ3OZfrQFhujc9n0AhxqZCoRiuH0YMes0EPF2AkIEm', 'employee', 1, 11, NULL, NULL, NULL, '2022-11-21 21:07:07', '2022-11-21 21:07:07'),
(100, 'farouk@wind.com', '$2b$10$FFe6ldx7GRkpJ3OZfrQFhujc9n0AhxqZCoRiuH0YMes0EPF2AkIEm', 'employee', 1, 11, NULL, NULL, NULL, '2022-11-21 21:07:22', '2022-11-21 21:07:22'),
(103, 'radgarma@gmail.com', '$2b$10$2u4zJlux9PR.9eGS..2W/OY0BJEPY92Hv/MJ/Ctcayggv8FIltTea', 'employee', 0, 11, NULL, NULL, NULL, '2022-11-25 19:39:51', '2023-01-04 13:52:44'),
(104, 'Fhcherif@gmail.com', '$2b$10$W9e5ooP1MEL4r3z5V0srJeMzl.leho1TbXvbuYWVsb99PjwP9yKCO', 'employee', 1, 11, NULL, NULL, NULL, '2022-11-26 09:48:34', '2022-11-26 09:51:14'),
(105, 'fkihcherif@gmail.com', '$2b$10$FFe6ldx7GRkpJ3OZfrQFhujc9n0AhxqZCoRiuH0YMes0EPF2AkIEm', 'employee', 1, 11, NULL, NULL, NULL, '2022-11-26 09:53:54', '2022-11-26 09:53:54'),
(109, 'chemseddine.bouagga@wind-consulting-tunisia.com', '$2b$10$liK3E34NrhClRvdmxLhr8e80ooChBijqYAlLIQjeeWDn4qPhsrAVi', 'employee', 1, 10, NULL, NULL, NULL, '2023-01-04 10:39:08', '2023-01-04 10:39:08'),
(110, 'mohamed.boussoffara@wind-consulting-tunisia.com', '$2b$10$78IQyVjKNdGPcdQYcwVOjeMZp/8/wa5B1vA45xxzPIIIcqfFQhtjG', 'employee', 1, 10, NULL, NULL, NULL, '2023-01-04 10:39:08', '2023-01-09 10:45:56'),
(111, 'heninassralli@gmail.com', '$2b$10$cNfM/8tsNG/gy6jKes60J.bLTlkSy2mk2jHejdxnkQ0UWBciwYubG', 'employee', 1, 11, NULL, NULL, NULL, '2023-01-04 14:01:17', '2023-01-04 14:01:17'),
(112, 'syrine30062017@gmail.com', '$2b$10$AAYbtJE8i6m39G6PdHv32O3n/Znl4v.Is1cKy.aQvDKhcZavxp1Qq', 'employee', 1, 11, NULL, NULL, NULL, '2023-01-04 14:01:17', '2023-01-04 14:01:17'),
(114, 'houssemzayen46@gmail.com', '$2b$10$FFe6ldx7GRkpJ3OZfrQFhujc9n0AhxqZCoRiuH0YMes0EPF2AkIEm', 'employee', 1, 11, NULL, NULL, NULL, '2023-01-06 19:53:22', '2023-01-06 19:53:22'),
(115, 'medj.mansour@yahoo.com', '$2b$10$XoCD9zAZtuq41Q42PN/TvuWdM.owLyowRCupzWE4icLwQ4HTH94Dm', 'partner', 0, 16, NULL, NULL, NULL, '2023-01-11 13:54:18', '2023-01-11 13:54:18');

-- --------------------------------------------------------

--
-- Structure de la table `user_events`
--

CREATE TABLE `user_events` (
  `displayQualification` tinyint(1) DEFAULT 0,
  `is_active` tinyint(1) NOT NULL DEFAULT 1,
  `is_calculated` tinyint(1) NOT NULL DEFAULT 1,
  `is_hidden` tinyint(1) NOT NULL DEFAULT 1,
  `user_id` int(11) NOT NULL,
  `event_id` int(11) NOT NULL,
  `createdAt` datetime NOT NULL,
  `updatedAt` datetime NOT NULL
) ENGINE=InnoDB DEFAULT CHARSET=utf8mb4;

--
-- Index pour les tables déchargées
--

--
-- Index pour la table `cashout`
--
ALTER TABLE `cashout`
  ADD PRIMARY KEY (`id`);

--
-- Index pour la table `categories`
--
ALTER TABLE `categories`
  ADD PRIMARY KEY (`id`);

--
-- Index pour la table `commercial`
--
ALTER TABLE `commercial`
  ADD PRIMARY KEY (`id`);

--
-- Index pour la table `company`
--
ALTER TABLE `company`
  ADD PRIMARY KEY (`id`);

--
-- Index pour la table `draw`
--
ALTER TABLE `draw`
  ADD PRIMARY KEY (`id`),
  ADD KEY `employee_id` (`employee_id`),
  ADD KEY `event_id` (`event_id`);

--
-- Index pour la table `drawscore`
--
ALTER TABLE `drawscore`
  ADD PRIMARY KEY (`id`),
  ADD KEY `event_id` (`event_id`),
  ADD KEY `employee_id` (`employee_id`);

--
-- Index pour la table `drawsetting`
--
ALTER TABLE `drawsetting`
  ADD PRIMARY KEY (`id`),
  ADD KEY `event_id` (`event_id`);

--
-- Index pour la table `equipes`
--
ALTER TABLE `equipes`
  ADD PRIMARY KEY (`id`);

--
-- Index pour la table `events`
--
ALTER TABLE `events`
  ADD PRIMARY KEY (`id`),
  ADD KEY `categorieId` (`categorieId`);

--
-- Index pour la table `groupes`
--
ALTER TABLE `groupes`
  ADD PRIMARY KEY (`id`,`name`),
  ADD KEY `event_id` (`event_id`);

--
-- Index pour la table `groupes_equipes`
--
ALTER TABLE `groupes_equipes`
  ADD PRIMARY KEY (`groupe_id`,`equipe_id`),
  ADD UNIQUE KEY `groupes_equipes_equipe_id_groupe_id_unique` (`groupe_id`,`equipe_id`),
  ADD KEY `equipe_id` (`equipe_id`);

--
-- Index pour la table `historiquesolde`
--
ALTER TABLE `historiquesolde`
  ADD PRIMARY KEY (`id`),
  ADD KEY `commercial_user` (`commercial_user`),
  ADD KEY `company_id` (`company_id`);

--
-- Index pour la table `history_score`
--
ALTER TABLE `history_score`
  ADD PRIMARY KEY (`id`);

--
-- Index pour la table `matchs`
--
ALTER TABLE `matchs`
  ADD PRIMARY KEY (`id`);

--
-- Index pour la table `matchs_equipes`
--
ALTER TABLE `matchs_equipes`
  ADD PRIMARY KEY (`match_id`,`equipe_id`),
  ADD UNIQUE KEY `matchs_equipes_match_id_equipe_id_unique` (`match_id`,`equipe_id`),
  ADD KEY `equipe_id` (`equipe_id`);

--
-- Index pour la table `options`
--
ALTER TABLE `options`
  ADD PRIMARY KEY (`id`);

--
-- Index pour la table `order`
--
ALTER TABLE `order`
  ADD PRIMARY KEY (`id`),
  ADD KEY `equipe_id` (`equipe_id`),
  ADD KEY `event_id` (`event_id`);

--
-- Index pour la table `order_match`
--
ALTER TABLE `order_match`
  ADD PRIMARY KEY (`id`),
  ADD KEY `order_id` (`order_id`),
  ADD KEY `match_id` (`match_id`),
  ADD KEY `equipe_id` (`equipe_id`);

--
-- Index pour la table `payments`
--
ALTER TABLE `payments`
  ADD PRIMARY KEY (`id`,`name`),
  ADD KEY `commercial_id` (`commercial_id`);

--
-- Index pour la table `pronostics`
--
ALTER TABLE `pronostics`
  ADD PRIMARY KEY (`id`),
  ADD KEY `match_id` (`match_id`),
  ADD KEY `employee_id` (`employee_id`);

--
-- Index pour la table `pronosticsmatchs`
--
ALTER TABLE `pronosticsmatchs`
  ADD PRIMARY KEY (`id`),
  ADD KEY `match_id` (`match_id`),
  ADD KEY `employee_id` (`employee_id`);

--
-- Index pour la table `pronostics_history`
--
ALTER TABLE `pronostics_history`
  ADD PRIMARY KEY (`id`),
  ADD KEY `match_id` (`match_id`),
  ADD KEY `employee_id` (`employee_id`);

--
-- Index pour la table `questionquiz`
--
ALTER TABLE `questionquiz`
  ADD PRIMARY KEY (`id`),
  ADD KEY `QuizId` (`QuizId`);

--
-- Index pour la table `quizs`
--
ALTER TABLE `quizs`
  ADD PRIMARY KEY (`id`);

--
-- Index pour la table `requestcashout`
--
ALTER TABLE `requestcashout`
  ADD PRIMARY KEY (`id`),
  ADD KEY `commercial_id` (`commercial_id`);

--
-- Index pour la table `responsequiz`
--
ALTER TABLE `responsequiz`
  ADD PRIMARY KEY (`id`),
  ADD KEY `questionId` (`questionId`);

--
-- Index pour la table `score`
--
ALTER TABLE `score`
  ADD PRIMARY KEY (`id`),
  ADD KEY `match_id` (`match_id`);

--
-- Index pour la table `scorequizz`
--
ALTER TABLE `scorequizz`
  ADD PRIMARY KEY (`id`);

--
-- Index pour la table `settings`
--
ALTER TABLE `settings`
  ADD PRIMARY KEY (`id`);

--
-- Index pour la table `solde`
--
ALTER TABLE `solde`
  ADD PRIMARY KEY (`id`);

--
-- Index pour la table `totalpronostics`
--
ALTER TABLE `totalpronostics`
  ADD PRIMARY KEY (`id`),
  ADD KEY `event_id` (`event_id`),
  ADD KEY `employee_id` (`employee_id`);

--
-- Index pour la table `user`
--
ALTER TABLE `user`
  ADD PRIMARY KEY (`id`),
  ADD UNIQUE KEY `email` (`email`),
  ADD KEY `company_id` (`company_id`);

--
-- Index pour la table `user_events`
--
ALTER TABLE `user_events`
  ADD PRIMARY KEY (`user_id`,`event_id`),
  ADD UNIQUE KEY `user_events_user_id_event_id_unique` (`user_id`,`event_id`),
  ADD KEY `event_id` (`event_id`);

--
-- AUTO_INCREMENT pour les tables déchargées
--

--
-- AUTO_INCREMENT pour la table `cashout`
--
ALTER TABLE `cashout`
  MODIFY `id` int(11) NOT NULL AUTO_INCREMENT;

--
-- AUTO_INCREMENT pour la table `categories`
--
ALTER TABLE `categories`
  MODIFY `id` int(11) NOT NULL AUTO_INCREMENT, AUTO_INCREMENT=11;

--
-- AUTO_INCREMENT pour la table `commercial`
--
ALTER TABLE `commercial`
  MODIFY `id` int(11) NOT NULL AUTO_INCREMENT;

--
-- AUTO_INCREMENT pour la table `company`
--
ALTER TABLE `company`
  MODIFY `id` int(11) NOT NULL AUTO_INCREMENT, AUTO_INCREMENT=17;

--
-- AUTO_INCREMENT pour la table `draw`
--
ALTER TABLE `draw`
  MODIFY `id` int(11) NOT NULL AUTO_INCREMENT;

--
-- AUTO_INCREMENT pour la table `drawscore`
--
ALTER TABLE `drawscore`
  MODIFY `id` int(11) NOT NULL AUTO_INCREMENT;

--
-- AUTO_INCREMENT pour la table `drawsetting`
--
ALTER TABLE `drawsetting`
  MODIFY `id` int(11) NOT NULL AUTO_INCREMENT;

--
-- AUTO_INCREMENT pour la table `equipes`
--
ALTER TABLE `equipes`
  MODIFY `id` int(11) NOT NULL AUTO_INCREMENT, AUTO_INCREMENT=645;

--
-- AUTO_INCREMENT pour la table `events`
--
ALTER TABLE `events`
  MODIFY `id` int(11) NOT NULL AUTO_INCREMENT, AUTO_INCREMENT=30;

--
-- AUTO_INCREMENT pour la table `groupes`
--
ALTER TABLE `groupes`
  MODIFY `id` int(11) NOT NULL AUTO_INCREMENT, AUTO_INCREMENT=197;

--
-- AUTO_INCREMENT pour la table `historiquesolde`
--
ALTER TABLE `historiquesolde`
  MODIFY `id` int(11) NOT NULL AUTO_INCREMENT;

--
-- AUTO_INCREMENT pour la table `history_score`
--
ALTER TABLE `history_score`
  MODIFY `id` int(11) NOT NULL AUTO_INCREMENT;

--
-- AUTO_INCREMENT pour la table `matchs`
--
ALTER TABLE `matchs`
  MODIFY `id` int(11) NOT NULL AUTO_INCREMENT, AUTO_INCREMENT=857;

--
-- AUTO_INCREMENT pour la table `options`
--
ALTER TABLE `options`
  MODIFY `id` int(11) NOT NULL AUTO_INCREMENT;

--
-- AUTO_INCREMENT pour la table `order`
--
ALTER TABLE `order`
  MODIFY `id` int(11) NOT NULL AUTO_INCREMENT, AUTO_INCREMENT=220;

--
-- AUTO_INCREMENT pour la table `order_match`
--
ALTER TABLE `order_match`
  MODIFY `id` int(11) NOT NULL AUTO_INCREMENT;

--
-- AUTO_INCREMENT pour la table `payments`
--
ALTER TABLE `payments`
  MODIFY `id` int(11) NOT NULL AUTO_INCREMENT;

--
-- AUTO_INCREMENT pour la table `pronostics`
--
ALTER TABLE `pronostics`
  MODIFY `id` int(11) NOT NULL AUTO_INCREMENT;

--
-- AUTO_INCREMENT pour la table `pronosticsmatchs`
--
ALTER TABLE `pronosticsmatchs`
  MODIFY `id` int(11) NOT NULL AUTO_INCREMENT;

--
-- AUTO_INCREMENT pour la table `pronostics_history`
--
ALTER TABLE `pronostics_history`
  MODIFY `id` int(11) NOT NULL AUTO_INCREMENT;

--
-- AUTO_INCREMENT pour la table `questionquiz`
--
ALTER TABLE `questionquiz`
  MODIFY `id` int(11) NOT NULL AUTO_INCREMENT, AUTO_INCREMENT=66;

--
-- AUTO_INCREMENT pour la table `quizs`
--
ALTER TABLE `quizs`
  MODIFY `id` int(11) NOT NULL AUTO_INCREMENT, AUTO_INCREMENT=15;

--
-- AUTO_INCREMENT pour la table `requestcashout`
--
ALTER TABLE `requestcashout`
  MODIFY `id` int(11) NOT NULL AUTO_INCREMENT;

--
-- AUTO_INCREMENT pour la table `responsequiz`
--
ALTER TABLE `responsequiz`
  MODIFY `id` int(11) NOT NULL AUTO_INCREMENT, AUTO_INCREMENT=6;

--
-- AUTO_INCREMENT pour la table `score`
--
ALTER TABLE `score`
  MODIFY `id` int(11) NOT NULL AUTO_INCREMENT;

--
-- AUTO_INCREMENT pour la table `scorequizz`
--
ALTER TABLE `scorequizz`
  MODIFY `id` int(11) NOT NULL AUTO_INCREMENT, AUTO_INCREMENT=3;

--
-- AUTO_INCREMENT pour la table `settings`
--
ALTER TABLE `settings`
  MODIFY `id` int(11) NOT NULL AUTO_INCREMENT;

--
-- AUTO_INCREMENT pour la table `solde`
--
ALTER TABLE `solde`
  MODIFY `id` int(11) NOT NULL AUTO_INCREMENT;

--
-- AUTO_INCREMENT pour la table `totalpronostics`
--
ALTER TABLE `totalpronostics`
  MODIFY `id` int(11) NOT NULL AUTO_INCREMENT;

--
-- AUTO_INCREMENT pour la table `user`
--
ALTER TABLE `user`
  MODIFY `id` int(11) NOT NULL AUTO_INCREMENT, AUTO_INCREMENT=116;

--
-- Contraintes pour les tables déchargées
--

--
-- Contraintes pour la table `draw`
--
ALTER TABLE `draw`
  ADD CONSTRAINT `draw_ibfk_1` FOREIGN KEY (`employee_id`) REFERENCES `user` (`id`) ON DELETE SET NULL ON UPDATE CASCADE,
  ADD CONSTRAINT `draw_ibfk_2` FOREIGN KEY (`event_id`) REFERENCES `events` (`id`) ON DELETE SET NULL ON UPDATE CASCADE;

--
-- Contraintes pour la table `drawscore`
--
ALTER TABLE `drawscore`
  ADD CONSTRAINT `drawscore_ibfk_1` FOREIGN KEY (`event_id`) REFERENCES `events` (`id`) ON DELETE SET NULL ON UPDATE CASCADE,
  ADD CONSTRAINT `drawscore_ibfk_2` FOREIGN KEY (`employee_id`) REFERENCES `user` (`id`) ON DELETE SET NULL ON UPDATE CASCADE;

--
-- Contraintes pour la table `drawsetting`
--
ALTER TABLE `drawsetting`
  ADD CONSTRAINT `drawsetting_ibfk_1` FOREIGN KEY (`event_id`) REFERENCES `events` (`id`) ON DELETE SET NULL ON UPDATE CASCADE;

--
-- Contraintes pour la table `events`
--
ALTER TABLE `events`
  ADD CONSTRAINT `events_ibfk_1` FOREIGN KEY (`categorieId`) REFERENCES `categories` (`id`) ON DELETE CASCADE ON UPDATE CASCADE;

--
-- Contraintes pour la table `groupes`
--
ALTER TABLE `groupes`
  ADD CONSTRAINT `groupes_ibfk_1` FOREIGN KEY (`event_id`) REFERENCES `events` (`id`) ON DELETE SET NULL ON UPDATE CASCADE;

--
-- Contraintes pour la table `groupes_equipes`
--
ALTER TABLE `groupes_equipes`
  ADD CONSTRAINT `groupes_equipes_ibfk_1` FOREIGN KEY (`groupe_id`) REFERENCES `groupes` (`id`) ON DELETE CASCADE ON UPDATE CASCADE,
  ADD CONSTRAINT `groupes_equipes_ibfk_2` FOREIGN KEY (`equipe_id`) REFERENCES `equipes` (`id`) ON DELETE CASCADE ON UPDATE CASCADE;

--
-- Contraintes pour la table `historiquesolde`
--
ALTER TABLE `historiquesolde`
  ADD CONSTRAINT `historiquesolde_ibfk_1` FOREIGN KEY (`commercial_user`) REFERENCES `user` (`id`) ON DELETE SET NULL ON UPDATE CASCADE,
  ADD CONSTRAINT `historiquesolde_ibfk_2` FOREIGN KEY (`company_id`) REFERENCES `company` (`id`) ON DELETE SET NULL ON UPDATE CASCADE;

--
-- Contraintes pour la table `matchs_equipes`
--
ALTER TABLE `matchs_equipes`
  ADD CONSTRAINT `matchs_equipes_ibfk_1` FOREIGN KEY (`match_id`) REFERENCES `matchs` (`id`) ON DELETE CASCADE ON UPDATE CASCADE,
  ADD CONSTRAINT `matchs_equipes_ibfk_2` FOREIGN KEY (`equipe_id`) REFERENCES `equipes` (`id`) ON DELETE CASCADE ON UPDATE CASCADE;

--
-- Contraintes pour la table `order`
--
ALTER TABLE `order`
  ADD CONSTRAINT `order_ibfk_1` FOREIGN KEY (`equipe_id`) REFERENCES `equipes` (`id`) ON DELETE SET NULL ON UPDATE CASCADE,
  ADD CONSTRAINT `order_ibfk_2` FOREIGN KEY (`event_id`) REFERENCES `events` (`id`) ON DELETE SET NULL ON UPDATE CASCADE;

--
-- Contraintes pour la table `order_match`
--
ALTER TABLE `order_match`
  ADD CONSTRAINT `order_match_ibfk_1` FOREIGN KEY (`order_id`) REFERENCES `order` (`id`) ON DELETE SET NULL ON UPDATE CASCADE,
  ADD CONSTRAINT `order_match_ibfk_2` FOREIGN KEY (`match_id`) REFERENCES `matchs` (`id`) ON DELETE SET NULL ON UPDATE CASCADE,
  ADD CONSTRAINT `order_match_ibfk_3` FOREIGN KEY (`equipe_id`) REFERENCES `equipes` (`id`) ON DELETE SET NULL ON UPDATE CASCADE;

--
-- Contraintes pour la table `payments`
--
ALTER TABLE `payments`
  ADD CONSTRAINT `payments_ibfk_1` FOREIGN KEY (`commercial_id`) REFERENCES `user` (`id`) ON DELETE SET NULL ON UPDATE CASCADE;

--
-- Contraintes pour la table `pronostics`
--
ALTER TABLE `pronostics`
  ADD CONSTRAINT `pronostics_ibfk_1` FOREIGN KEY (`match_id`) REFERENCES `matchs` (`id`) ON DELETE SET NULL ON UPDATE CASCADE,
  ADD CONSTRAINT `pronostics_ibfk_2` FOREIGN KEY (`employee_id`) REFERENCES `user` (`id`) ON DELETE SET NULL ON UPDATE CASCADE;

--
-- Contraintes pour la table `pronosticsmatchs`
--
ALTER TABLE `pronosticsmatchs`
  ADD CONSTRAINT `pronosticsmatchs_ibfk_1` FOREIGN KEY (`match_id`) REFERENCES `matchs` (`id`) ON DELETE SET NULL ON UPDATE CASCADE,
  ADD CONSTRAINT `pronosticsmatchs_ibfk_2` FOREIGN KEY (`employee_id`) REFERENCES `user` (`id`) ON DELETE SET NULL ON UPDATE CASCADE;

--
-- Contraintes pour la table `pronostics_history`
--
ALTER TABLE `pronostics_history`
  ADD CONSTRAINT `pronostics_history_ibfk_1` FOREIGN KEY (`match_id`) REFERENCES `matchs` (`id`) ON DELETE SET NULL ON UPDATE CASCADE,
  ADD CONSTRAINT `pronostics_history_ibfk_2` FOREIGN KEY (`employee_id`) REFERENCES `user` (`id`) ON DELETE SET NULL ON UPDATE CASCADE;

--
-- Contraintes pour la table `questionquiz`
--
ALTER TABLE `questionquiz`
  ADD CONSTRAINT `questionquiz_ibfk_1` FOREIGN KEY (`QuizId`) REFERENCES `quizs` (`id`) ON DELETE SET NULL ON UPDATE CASCADE;

--
-- Contraintes pour la table `requestcashout`
--
ALTER TABLE `requestcashout`
  ADD CONSTRAINT `requestcashout_ibfk_1` FOREIGN KEY (`commercial_id`) REFERENCES `user` (`id`) ON DELETE CASCADE ON UPDATE CASCADE;

--
-- Contraintes pour la table `responsequiz`
--
ALTER TABLE `responsequiz`
  ADD CONSTRAINT `responsequiz_ibfk_1` FOREIGN KEY (`questionId`) REFERENCES `questionquiz` (`id`) ON DELETE SET NULL ON UPDATE CASCADE;

--
-- Contraintes pour la table `score`
--
ALTER TABLE `score`
  ADD CONSTRAINT `score_ibfk_1` FOREIGN KEY (`match_id`) REFERENCES `matchs` (`id`) ON DELETE SET NULL ON UPDATE CASCADE;

--
-- Contraintes pour la table `totalpronostics`
--
ALTER TABLE `totalpronostics`
  ADD CONSTRAINT `totalpronostics_ibfk_1` FOREIGN KEY (`event_id`) REFERENCES `events` (`id`) ON DELETE SET NULL ON UPDATE CASCADE,
  ADD CONSTRAINT `totalpronostics_ibfk_2` FOREIGN KEY (`employee_id`) REFERENCES `user` (`id`) ON DELETE SET NULL ON UPDATE CASCADE;

--
-- Contraintes pour la table `user`
--
ALTER TABLE `user`
  ADD CONSTRAINT `user_ibfk_1` FOREIGN KEY (`company_id`) REFERENCES `company` (`id`) ON DELETE CASCADE ON UPDATE CASCADE;

--
-- Contraintes pour la table `user_events`
--
ALTER TABLE `user_events`
  ADD CONSTRAINT `user_events_ibfk_1` FOREIGN KEY (`user_id`) REFERENCES `user` (`id`) ON DELETE CASCADE ON UPDATE CASCADE,
  ADD CONSTRAINT `user_events_ibfk_2` FOREIGN KEY (`event_id`) REFERENCES `events` (`id`) ON DELETE CASCADE ON UPDATE CASCADE;
COMMIT;

/*!40101 SET CHARACTER_SET_CLIENT=@OLD_CHARACTER_SET_CLIENT */;
/*!40101 SET CHARACTER_SET_RESULTS=@OLD_CHARACTER_SET_RESULTS */;
/*!40101 SET COLLATION_CONNECTION=@OLD_COLLATION_CONNECTION */;
